,phylum_name,feature_name,coef,coef_sd,lower_95,upper_95,count,significant,permutation_importance,lower_90,upper_90,t-statistic,p-value
0,Campylobacterota,Glycolysis,-0.1851024788605964,0.412777154571629,,,14,True,0.1461333333333332,-0.2829719838733511,-0.0872329738478418,-3.1708929762016296,0.0026211438546761656
1,Campylobacterota,Molybdopterin biosynthesis,0.0324003135693404,0.1701055410963061,,,3,False,0.0536888888888889,-0.0079317273942621,0.072732354532943,1.346839220509591,0.18422852228705724
2,Campylobacterota,TCA cycle,0.0426565615969135,0.2264238829084125,,,3,False,0.0485333333333333,-0.0110285638948531,0.0963416870886801,1.3321361501198132,0.18897835969513901
3,Campylobacterota,"TCA cycle, glyoxylate bypass",-0.0492246331459492,0.1923958958220609,,,5,True,0.0325333333333333,-0.0948417194649139,-0.0036075468269846,-1.8091379626472082,0.07656651471623267
4,Campylobacterota,Heme biosynthesis,-0.0181999994938791,0.117627523812539,,,2,False,0.0273777777777777,-0.0460894972626117,0.0096894982748533,-1.0940758287340382,0.2792709777036318
5,Campylobacterota,"Histidine biosynthesis, Purine biosynthesis",0.0093408639635639,0.0660498825077709,,,1,False,0.0051555555555555,-0.0063195698457989,0.0250012977729267,0.9999999999999994,0.3222234059506758
6,Campylobacterota,Cysteine biosynthesis,-0.6465947179535183,0.6879089264897761,,,31,True,0.0,-0.8096979938585973,-0.4834914420484394,-6.646395941936234,2.3426505106959062e-08
7,Campylobacterota,Urea cycle,-0.0130727352026427,0.0814671308192494,,,2,False,0.0,-0.032388600142803,0.0062431297375176,-1.134668622484564,0.2620344979801261
8,Campylobacterota,Lipoate biosynthesis,0.0,0.0,,,0,False,0.0,,,,
9,Campylobacterota,Purine biosynthesis,0.0,0.0,,,0,False,0.0,,,,
10,Campylobacterota,Histidine biosynthesis,0.0,0.0,,,0,False,0.0,,,,
11,Campylobacterota,Pyrimidine degradation,-0.0919441252780444,0.4110309533848142,,,3,False,0.0,-0.1893996058131518,0.0055113552570629,-1.5817376754471126,0.12014355327142946
12,Campylobacterota,A/V-type ATP synthase,0.0,0.0,,,0,False,0.0,,,,
13,Campylobacterota,tRNA modification,0.0,0.0,,,0,False,0.0,,,,
14,Campylobacterota,Entner-Doudoroff pathway,0.0,0.0,,,0,False,0.0,,,,
15,Campylobacterota,Na+-translocating NADH dehydrogenase,0.0,0.0,,,0,False,0.0,,,,
16,Campylobacterota,Thymidylate biosynthesis,0.0,0.0,,,0,False,0.0,,,,
17,Campylobacterota,Lysine biosynthesisTCA cycle,0.0,0.0,,,0,False,0.0,,,,
18,Campylobacterota,CRISPR-Cas system,-0.009848498149941,0.0534434452666062,,,2,False,0.0,-0.0225199444169881,0.002822948117106,-1.303048445246441,0.198648470232475
19,Campylobacterota,Pyruvate oxidation,0.0,0.0,,,0,False,0.0,,,,
20,Campylobacterota,Thiamine biosynthesis,0.0,0.0,,,0,False,0.0,,,,
21,Campylobacterota,Photosystem II,0.0,0.0,,,0,False,0.0,,,,
22,Campylobacterota,NAD biosynthesis,0.0,0.0,,,0,False,0.0,,,,
23,Campylobacterota,23S rRNA modification,-0.0502854205717365,0.2027166027310579,,,4,True,0.0,-0.0983495475405489,-0.0022212936029241,-1.7540330393295773,0.08567754779264118
24,Campylobacterota,Folate biosynthesis,-0.010478101262643,0.0740913645677422,,,1,False,0.0,-0.0280451712800952,0.0070889687548091,-0.9999999999999962,0.32222340595067733
25,Campylobacterota,Glycine cleavage,0.0,0.0,,,0,False,0.0,,,,
26,Campylobacterota,Ribosome 30S subunit,0.0,0.0,,,0,False,0.0,,,,
27,Campylobacterota,2Fe2S,0.0,0.0,,,0,False,0.0,,,,
28,Campylobacterota,Proline biosynthesis,0.0,0.0,,,0,False,0.0,,,,
29,Campylobacterota,16S rRNA modification,0.0,0.0,,,0,False,0.0,,,,
30,Campylobacterota,Mureine biosynthesis,0.0,0.0,,,0,False,0.0,,,,
31,Campylobacterota,Methionine biosynthesis,0.0,0.0,,,0,False,0.0,,,,
32,Campylobacterota,Riboflavin/FAD biosynthesis,0.0,0.0,,,0,False,0.0,,,,
33,Campylobacterota,Menaquinone biosynthesis,0.0,0.0,,,0,False,0.0,,,,
34,Campylobacterota,RNA polymerase,0.0,0.0,,,0,False,0.0,,,,
35,Campylobacterota,Gluconeogenesis,0.0254242701258786,0.1797767381272736,,,1,False,0.0,-0.0172008126299323,0.0680493528816896,0.9999999999999977,0.32222340595067656
36,Campylobacterota,Purine salvage,0.0,0.0,,,0,False,0.0,,,,
37,Campylobacterota,NADH dehydrogenase,0.224149994266652,0.4050979469009036,,,17,True,0.0,0.1281012301677302,0.3201987583655739,3.912584158014696,0.00028153617193571164
38,Campylobacterota,Lipid A biosynthesis,-0.2020894701193962,0.4000910085662298,,,14,True,0.0,-0.2969510886337897,-0.1072278516050027,-3.571658239456941,0.0008070739282036165
39,Campylobacterota,Isoprenoid biosynthesis,0.0,0.0,,,0,False,0.0,,,,
40,Campylobacterota,Phospholipid biosynthesis,0.0,0.0,,,0,False,0.0,,,,
41,Campylobacterota,Non-phosphorylated Entner-Doudoroff pathway,0.0,0.0,,,0,False,0.0,,,,
42,Campylobacterota,Aminoacyl-tRNA synthetases,-0.0242244675498535,0.1200293900858479,,,2,False,0.0,-0.0526834480544209,0.0042345129547137,-1.4270909202224225,0.15989538390271602
43,Campylobacterota,Asparagine biosynthesis,0.0,0.0,,,0,False,0.0,,,,
44,Campylobacterota,Pyrimidine salvage,0.0,0.0,,,0,False,0.0,,,,
45,Campylobacterota,Glycine cleavagePyruvate oxidation,0.0,0.0,,,0,False,0.0,,,,
46,Campylobacterota,Ubiquinone biosynthesis,0.0,0.0,,,0,False,0.0,,,,
47,Campylobacterota,Ribosome 50S subunit,0.0,0.0,,,0,False,0.0,,,,
48,Campylobacterota,Glutamine biosynthesis,0.0,0.0,,,0,False,0.0,,,,
49,Campylobacterota,Archaeal ribosomal proteins,0.0,0.0,,,0,False,0.0,,,,
50,Campylobacterota,Lysine biosynthesis,0.0,0.0,,,0,False,0.0,,,,
51,Campylobacterota,Biotin biosynthesis,0.0,0.0,,,0,False,0.0,,,,
52,Campylobacterota,FoF1-type ATP synthase,0.0,0.0,,,0,False,0.0,,,,
53,Campylobacterota,Pyrimidine biosynthesis,0.0,0.0,,,0,False,0.0,,,,
54,Campylobacterota,Pentose phosphate pathway,0.0,0.0,,,0,False,0.0,,,,
55,Campylobacterota,Pantothenate/CoA biosynthesis,0.0,0.0,,,0,False,0.0,,,,
56,Campylobacterota,Threonine biosynthesis,0.0,0.0,,,0,False,0.0,,,,
57,Campylobacterota,Aromatic amino acid biosynthesis,0.0,0.0,,,0,False,0.0,,,,
58,Campylobacterota,3D,0.0,0.0,,,0,False,0.0,,,,
59,Campylobacterota,Pyridoxal phosphate biosynthesis,0.0255193663904052,0.12779420835646,,,2,False,-0.0113777777777779,-0.0047806533098691,0.0558193860906796,1.4120293288962193,0.1642607646394508
60,Campylobacterota,"Isoleucine, leucine, valine biosynthesis",-0.0237225863486039,0.1677440167438125,,,1,False,-0.0181333333333333,-0.0634947096498689,0.016049536952661,-0.9999999999999992,0.3222234059506759
61,Campylobacterota,Translation factors,-0.1223079994807378,0.3254355499107672,,,8,True,-0.0204444444444444,-0.1994688012125435,-0.045147197748932,-2.657509784960621,0.010598941663579315
62,Campylobacterota,Cobalamine/B12 biosynthesis,0.013160969171362,0.0930621054805719,,,1,False,-0.0288,-0.0089040654313411,0.0352260037740651,0.9999999999999978,0.32222340595067656
63,Campylobacterota,Fatty acid biosynthesis,0.0134977755068792,0.0715400842680896,,,3,False,-0.1052444444444444,-0.0034643856940108,0.0304599367077693,1.3341287880066464,0.1883292365027829
64,Campylobacterota,Na+-translocating Fd:NADH oxidoreductase,0.217435138487373,0.4965615782977856,,,11,True,-0.1953777777777777,0.0997003381523334,0.3351699388224125,3.096289918759169,0.003237776367223025
65,Campylobacterota,Proline degradation,0.1573708255920706,0.3660996702196055,,,10,True,-0.1994666666666668,0.0705685568305906,0.2441730943535506,3.039554170325484,0.003795311240333066
66,Campylobacterota,Photosystem I,0.2482970695407169,0.4799787686988198,,,15,True,-0.2104888888888889,0.1344940550353844,0.3621000840460493,3.6579230805760514,0.0006208351120157388
67,Campylobacterota,Serine biosynthesis,0.2038002173255784,0.5777407364545857,,,8,True,-0.2218666666666667,0.0668178303977118,0.3407826042534448,2.4943457607396273,0.016040421413753326
68,Campylobacterota,Arginine biosynthesis,0.1465157916987703,0.3943155555301774,,,10,True,-0.2581333333333334,0.0530235336821725,0.2400080497153682,2.627395962652743,0.011454312414899805
69,Campylobacterota,Pyrimidine salvagetRNA modification,0.2572650403778361,0.5116421075554166,,,15,True,-0.3815111111111112,0.1359546450336532,0.378575435722019,3.555490291496298,0.0008474714350972717
0,Firmicutes_C,Translation factors,7.486407558378554,1.1572180271749113,,,50,True,0.820230439814814,7.212031047331134,7.760784069425973,45.7449627204569,7.347835677999971e-42
1,Firmicutes_C,Folate biosynthesis,-7.036823326279356,1.1218676159119367,,,50,True,0.7067259259259245,-7.302818251248216,-6.770828401310495,-44.35269742570405,3.2261862509579e-41
2,Firmicutes_C,2Fe2S,11.48188653974622,0.9588812654837574,,,50,True,0.5892277777777771,11.25453569491497,11.70923738457747,84.67075252505936,8.598779455578686e-55
3,Firmicutes_C,Lysine biosynthesis,-14.228898007960709,1.5102166093473417,,,50,True,0.5803332175925918,-14.586970518471258,-13.870825497450156,-66.62190183823306,9.832497276200964e-50
4,Firmicutes_C,Pyrimidine salvage,4.570646883655983,1.0927611823291614,,,50,True,0.5232358796296289,4.311553097027467,4.829740670284499,29.575862119787335,6.605682822707756e-33
5,Firmicutes_C,Menaquinone biosynthesis,-7.989027587719774,1.4175351225780213,,,50,True,0.4681392361111101,-8.325125308362479,-7.652929867077071,-39.85153871947276,5.316557422865094e-39
6,Firmicutes_C,Pyrimidine biosynthesis,4.01405740065882,0.8100559805576745,,,50,True,0.3497570601851845,3.821993045905282,4.206121755412358,35.039148851464,2.3608178128820406e-36
7,Firmicutes_C,"TCA cycle, glyoxylate bypass",4.296764289538869,0.8982864497607351,,,50,True,0.3314251157407399,4.083780481631709,4.509748097446029,33.822965570753034,1.2460778028877558e-35
8,Firmicutes_C,Heme biosynthesis,-3.510251676717732,0.4257889245957102,,,50,True,0.324856944444444,-3.611206273716544,-3.4092970797189195,-58.29467656152285,6.299029151683312e-47
9,Firmicutes_C,Na+-translocating Fd:NADH oxidoreductase,4.883629948918152,1.2385772176270031,,,50,True,0.3191030092592584,4.58996316560252,5.177296732233784,27.880763544979736,1.0158229003145157e-31
10,Firmicutes_C,Photosystem II,4.56850530225757,1.287855849649812,,,50,True,0.3066878472222217,4.263154550315372,4.873856054199768,25.08371631802913,1.2939012314569026e-29
11,Firmicutes_C,Lipid A biosynthesis,7.624974579661238,1.7376807715223173,,,50,True,0.2662396990740732,7.212970293339817,8.03697886598266,31.027973146817207,7.089910623778339e-34
12,Firmicutes_C,Non-phosphorylated Entner-Doudoroff pathway,-3.5527307204193965,0.8150186948611163,,,50,True,0.251048379629629,-3.745971735235194,-3.3594897056035995,-30.823341844525537,9.65434455399109e-34
13,Firmicutes_C,Photosystem I,3.702335805981772,1.0566470552350746,,,50,True,0.2045748842592584,3.4518046825324573,3.9528669294310874,24.775981172417623,2.268652122916035e-29
14,Firmicutes_C,"Histidine biosynthesis, Purine biosynthesis",1.938625181148984,1.5626031679722487,,,45,True,0.1944163194444434,1.56813181230081,2.3091185499971583,8.772636840025855,1.2897854835892756e-11
15,Firmicutes_C,Entner-Doudoroff pathway,4.496413897747816,1.0719995766380916,,,50,True,0.179349074074073,4.242242689924233,4.750585105571399,29.659011322467162,5.797930588203865e-33
16,Firmicutes_C,TCA cycle,-1.3521019105348957,0.4996816350971536,,,49,True,0.1756035879629619,-1.4705764766519895,-1.233627344417802,-19.133791651330547,2.217079283679586e-24
17,Firmicutes_C,Biotin biosynthesis,-4.211713523477724,0.8528822062641256,,,50,True,0.1695704861111098,-4.413931980668943,-4.009495066286505,-34.91843505460472,2.7779854079376498e-36
18,Firmicutes_C,Cysteine biosynthesis,-6.0865190453862645,1.1193303866553892,,,50,True,0.164405902777777,-6.351912393042302,-5.821125697730227,-38.44994241310386,2.913393451364351e-38
19,Firmicutes_C,Lipoate biosynthesis,-3.6322182183831138,1.233168494873346,,,50,True,0.1314642361111104,-3.924602592987922,-3.339833843778305,-20.82737390425959,5.430842003738305e-26
20,Firmicutes_C,Isoprenoid biosynthesis,-2.790238078859552,1.689831815216389,,,48,True,0.1300528935185176,-3.1908973728111847,-2.38957878490792,-11.675696059929283,9.20229099228023e-16
21,Firmicutes_C,Molybdopterin biosynthesis,-2.3809161430670325,0.7789274446391427,,,50,True,0.1273542824074069,-2.565599918812316,-2.1962323673217496,-21.613848141904544,1.0520025149913913e-26
22,Firmicutes_C,Methionine biosynthesis,-1.7044179116848306,1.2405720178963442,,,41,True,0.0776936342592584,-1.9985576623456691,-1.4102781610239918,-9.714917360233887,5.211643815002008e-13
23,Firmicutes_C,3D,1.6314564581110085,1.0379751940248163,,,46,True,0.0758712962962955,1.3853524348392974,1.877560481382719,11.11407990655025,5.3817700428765764e-15
24,Firmicutes_C,CRISPR-Cas system,2.887651912909193,0.9516911543257413,,,50,True,0.0718078703703692,2.662005844159246,3.1132979816591404,21.45526140537721,1.458976732352148e-26
25,Firmicutes_C,Serine biosynthesis,1.7063320642306277,0.8144967304710927,,,50,True,0.0693418981481472,1.5132148072243896,1.8994493212368653,14.813552079891847,9.988589514329612e-20
26,Firmicutes_C,Proline degradation,2.4592448213969083,0.6615626923665071,,,50,True,0.0680778935185178,2.3023882402617235,2.616101402532093,26.285470899019085,1.5261387533175895e-30
27,Firmicutes_C,Thiamine biosynthesis,-3.1097020408497413,0.9942119595438852,,,50,True,0.0597184027777769,-3.3454297968087645,-2.873974284890718,-22.116927677708524,3.775824380388978e-27
28,Firmicutes_C,Gluconeogenesis,2.079967029597768,0.9400687708969973,,,49,True,0.0533208333333317,1.8570766291318852,2.30285743006365,15.645225506955729,1.0866046532566141e-20
29,Firmicutes_C,Purine salvage,-1.6481719737461842,1.0303603441032207,,,47,True,0.0491178240740728,-1.892470515332877,-1.4038734321594917,-11.310932004199794,2.884486081500893e-15
30,Firmicutes_C,Pyruvate oxidation,-3.653446649379224,0.9392771600534128,,,50,True,0.0472101851851842,-3.87614935883419,-3.4307439399242567,-27.503882883007762,1.902762974039755e-31
31,Firmicutes_C,Phospholipid biosynthesis,4.969905833170209,1.5136083942102312,,,50,True,0.0436120370370357,4.611029130126315,5.328782536214102,23.21772348736806,4.282259731435253e-28
32,Firmicutes_C,Cobalamine/B12 biosynthesis,-2.916354291848427,0.9552853273972942,,,50,True,0.0396804398148136,-3.1428525393964186,-2.689856044300435,-21.586994345730968,1.1117509859595069e-26
33,Firmicutes_C,Histidine biosynthesis,-2.253823238435542,0.8752503953856732,,,49,True,0.0382148148148141,-2.461345195525222,-2.0463012813458628,-18.20843159735274,1.8754656692002128e-23
34,Firmicutes_C,A/V-type ATP synthase,-0.7878860307440317,0.6872943468133399,,,41,True,0.0373462962962959,-0.9508435897457947,-0.6249284717422687,-8.105981923528958,1.3162232776754431e-10
35,Firmicutes_C,23S rRNA modification,14.539758266618868,2.1475973991730504,,,50,True,0.0349811342592583,14.030562706506366,15.04895382673137,47.87285396740659,8.305591183189228e-43
36,Firmicutes_C,Aromatic amino acid biosynthesis,-2.8617683530213567,0.8865200416540375,,,50,True,0.0281260416666653,-3.071962344378772,-2.651574361663942,-22.826058222338023,9.197641250251336e-28
37,Firmicutes_C,tRNA modification,-0.4952624260911978,0.6075856817077615,,,27,True,0.0266526620370362,-0.6393210525510034,-0.3512037996313922,-5.763852416200111,5.39778709239807e-07
38,Firmicutes_C,Ribosome 30S subunit,-0.9594432915902352,1.0500318370184962,,,38,True,0.0233646990740735,-1.2084059461326897,-0.7104806370477812,-6.461031310952974,4.5383235243870773e-08
39,Firmicutes_C,Lysine biosynthesisTCA cycle,-5.355092566269624,0.7305053938255326,,,50,True,0.0233646990740732,-5.528295468879501,-5.181889663659747,-51.835651036894134,1.8159717814723026e-44
40,Firmicutes_C,Glycine cleavagePyruvate oxidation,-0.8190870918788329,0.7656263093037635,,,41,True,0.0222015046296283,-1.0006171670935422,-0.6375570166641236,-7.564813669694572,8.892686717846027e-10
41,Firmicutes_C,Ribosome 50S subunit,-1.4749854295414575,1.1745411408984363,,,43,True,0.0183396990740731,-1.7534692526012403,-1.1965016064816747,-8.879826879306426,8.911574367385114e-12
42,Firmicutes_C,Glutamine biosynthesis,-1.3513321634808382,0.8783156557604088,,,49,True,0.0180605324074057,-1.5595808941147609,-1.1430834328469155,-10.879188252719073,1.1400857086248694e-14
43,Firmicutes_C,Asparagine biosynthesis,-1.3048215955350473,1.423590756008098,,,37,True,0.0177115740740732,-1.6423551074752498,-0.9672880835948447,-6.481133672353195,4.22436939107285e-08
44,Firmicutes_C,FoF1-type ATP synthase,0.1382105216624264,0.4491801255700176,,,15,True,0.0156410879629621,0.0317098685516058,0.2447111747732469,2.1757328861069114,0.0344270731440662
45,Firmicutes_C,"Isoleucine, leucine, valine biosynthesis",2.2852846356554712,0.8880823722508209,,,50,True,0.0082276620370365,2.0747202155558644,2.4958490557550777,18.19583760814726,1.9318479829878404e-23
46,Firmicutes_C,Pyrimidine salvagetRNA modification,-0.1379620775053334,0.4426350305480241,,,8,True,0.0075607638888879,-0.2429108879258076,-0.0330132670848592,-2.2039358346722873,0.032257640418104555
47,Firmicutes_C,Pantothenate/CoA biosynthesis,-0.5274777195073562,0.7473869937138785,,,30,True,0.0073591435185174,-0.7046832511547115,-0.3502721878600009,-4.990494556709613,7.992444576362388e-06
48,Firmicutes_C,Archaeal ribosomal proteins,-0.6576823865474759,0.9061744705216144,,,31,True,0.0062579861111101,-0.8725364449732207,-0.4428283281217312,-5.13203241233422,4.911184604281429e-06
49,Firmicutes_C,Pyridoxal phosphate biosynthesis,9.817144158372557,1.8774468382286849,,,50,True,0.0054049768518507,9.372001323527712,10.262286993217398,36.97451807914034,1.861481238493165e-37
50,Firmicutes_C,Purine biosynthesis,-0.9719163483869224,0.759882560607875,,,43,True,0.0041409722222214,-1.1520845802060893,-0.7917481165677559,-9.04414282307899,5.067445891051988e-12
51,Firmicutes_C,Na+-translocating NADH dehydrogenase,-0.0501549742613074,0.16425079175468,,,6,True,0.0025900462962953,-0.0890988535650591,-0.0112110949575557,-2.159193391492234,0.03575824213950612
52,Firmicutes_C,Threonine biosynthesis,0.3244768085800098,0.759870604934109,,,19,True,0.0007444444444436,0.1443114114522997,0.5046422057077198,3.0194581839968637,0.0040134980744717065
53,Firmicutes_C,Mureine biosynthesis,0.0,0.0,,,0,False,0.0,,,,
54,Firmicutes_C,16S rRNA modification,0.0,0.0,,,0,False,0.0,,,,
55,Firmicutes_C,Proline biosynthesis,0.0,0.0,,,0,False,0.0,,,,
56,Firmicutes_C,Riboflavin/FAD biosynthesis,0.0,0.0,,,0,False,0.0,,,,
57,Firmicutes_C,Glycine cleavage,-0.7917287765036488,1.3055681294259895,,,20,True,0.0,-1.101279111768574,-0.4821784412387236,-4.288070259285498,8.431081031987881e-05
58,Firmicutes_C,RNA polymerase,0.0,0.0,,,0,False,0.0,,,,
59,Firmicutes_C,NADH dehydrogenase,-0.344261231769062,0.6003863499667768,,,26,True,-0.0013648148148159,-0.4866128959464127,-0.2019095675917112,-4.05454673473186,0.00017939687218206538
60,Firmicutes_C,Pentose phosphate pathway,0.5316182807300608,0.9721158436937012,,,23,True,-0.0072971064814823,0.3011295160693963,0.7621070453907252,3.866935136851894,0.00032496910506739867
61,Firmicutes_C,NAD biosynthesis,-0.8971468923838685,0.6959432365070691,,,40,True,-0.0086619212962973,-1.0621551040049937,-0.7321386807627432,-9.115379215537896,3.9707828126770265e-12
62,Firmicutes_C,Arginine biosynthesis,-0.4400801191288733,0.6974986995920267,,,25,True,-0.0112131944444451,-0.6054571312044433,-0.2747031070533033,-4.461422461194897,4.765278773988812e-05
63,Firmicutes_C,Glycolysis,2.800854648039492,1.795091151464768,,,45,True,-0.0124306712962972,2.3752383548389773,3.2264709412400068,11.03288439214089,6.97064582397559e-15
64,Firmicutes_C,Aminoacyl-tRNA synthetases,0.2787827186813772,0.6634948743290386,,,14,True,-0.0164863425925935,0.1214680170078509,0.4360974203549034,2.9710727013011358,0.004587897457750496
65,Firmicutes_C,Pyrimidine degradation,-2.984734354153067,2.0476414023933573,,,44,True,-0.0184792824074084,-3.4702303373400074,-2.4992383709661268,-10.307106993418012,7.304629600243388e-14
66,Firmicutes_C,Thymidylate biosynthesis,2.68233543491276,1.0141377401394265,,,50,True,-0.0261563657407419,2.4418832743633176,2.9227875954622022,18.702563767945534,5.937302466516974e-24
67,Firmicutes_C,Fatty acid biosynthesis,0.7014966322091545,0.8351580219850514,,,31,True,-0.0350121527777789,0.5034805808995014,0.8995126835188074,5.93939125958006,2.9014024729095897e-07
68,Firmicutes_C,Ubiquinone biosynthesis,0.5195377763717335,1.0028830541984954,,,16,True,-0.0353378472222229,0.281754102994882,0.757321449748585,3.663125857168202,0.0006110323513728525
69,Firmicutes_C,Urea cycle,-3.5724237379045527,0.8959680936379861,,,50,True,-0.0429761574074083,-3.7848578633410046,-3.359989612468101,-28.19391748747653,6.064640702131152e-32
0,Verrucomicrobiota,Purine salvage,7.932233788633011,0.3440222998771544,,,50,True,1.065044808743169,7.850666066608114,8.013801510657908,163.03990479403038,1.1036140408892773e-68
1,Verrucomicrobiota,23S rRNA modification,-1.431345380729738,2.255308413694739,,,15,True,0.0024393442622951,-1.966079233257186,-0.8966115282022903,-4.487696754857362,4.367495797096136e-05
2,Verrucomicrobiota,Arginine biosynthesis,0.0,0.0,,,0,False,0.0,,,,
3,Verrucomicrobiota,Thiamine biosynthesis,0.0,0.0,,,0,False,0.0,,,,
4,Verrucomicrobiota,TCA cycle,0.0,0.0,,,0,False,0.0,,,,
5,Verrucomicrobiota,Thymidylate biosynthesis,0.0,0.0,,,0,False,0.0,,,,
6,Verrucomicrobiota,Na+-translocating NADH dehydrogenase,0.0,0.0,,,0,False,0.0,,,,
7,Verrucomicrobiota,Entner-Doudoroff pathway,0.0,0.0,,,0,False,0.0,,,,
8,Verrucomicrobiota,Serine biosynthesis,0.0,0.0,,,0,False,0.0,,,,
9,Verrucomicrobiota,tRNA modification,0.0,0.0,,,0,False,0.0,,,,
10,Verrucomicrobiota,A/V-type ATP synthase,0.0,0.0,,,0,False,0.0,,,,
11,Verrucomicrobiota,Pyrimidine degradation,0.0,0.0,,,0,False,0.0,,,,
12,Verrucomicrobiota,Histidine biosynthesis,0.0,0.0,,,0,False,0.0,,,,
13,Verrucomicrobiota,"TCA cycle, glyoxylate bypass",0.0,0.0,,,0,False,0.0,,,,
14,Verrucomicrobiota,Translation factors,0.0,0.0,,,0,False,0.0,,,,
15,Verrucomicrobiota,Lipoate biosynthesis,0.0,0.0,,,0,False,0.0,,,,
16,Verrucomicrobiota,Urea cycle,0.0,0.0,,,0,False,0.0,,,,
17,Verrucomicrobiota,Pyruvate oxidation,0.0,0.0,,,0,False,0.0,,,,
18,Verrucomicrobiota,Photosystem II,0.0,0.0,,,0,False,0.0,,,,
19,Verrucomicrobiota,Fatty acid biosynthesis,0.0,0.0,,,0,False,0.0,,,,
20,Verrucomicrobiota,Purine biosynthesis,0.0,0.0,,,0,False,0.0,,,,
21,Verrucomicrobiota,Pyridoxal phosphate biosynthesis,0.0,0.0,,,0,False,0.0,,,,
22,Verrucomicrobiota,Na+-translocating Fd:NADH oxidoreductase,0.0,0.0,,,0,False,0.0,,,,
23,Verrucomicrobiota,NAD biosynthesis,0.0,0.0,,,0,False,0.0,,,,
24,Verrucomicrobiota,Folate biosynthesis,-1.3507442216022267,0.913790773417746,,,35,True,0.0,-1.5674041062133988,-1.1340843369910547,-10.452287619091981,4.541577264592514e-14
25,Verrucomicrobiota,Pyrimidine salvagetRNA modification,0.0,0.0,,,0,False,0.0,,,,
26,Verrucomicrobiota,Glycine cleavage,-4.025412620707868,2.6715228455604816,,,35,True,0.0,-4.658830957041448,-3.391994284374288,-10.654584391470086,2.3524227148091027e-14
27,Verrucomicrobiota,Ribosome 30S subunit,0.0,0.0,,,0,False,0.0,,,,
28,Verrucomicrobiota,2Fe2S,-0.4929363474568668,0.8945854077569173,,,14,True,0.0,-0.7050426379313554,-0.2808300569823783,-3.8963147728292857,0.00029633075975736377
29,Verrucomicrobiota,Proline biosynthesis,0.0,0.0,,,0,False,0.0,,,,
30,Verrucomicrobiota,16S rRNA modification,0.0,0.0,,,0,False,0.0,,,,
31,Verrucomicrobiota,Mureine biosynthesis,0.0,0.0,,,0,False,0.0,,,,
32,Verrucomicrobiota,Methionine biosynthesis,0.0,0.0,,,0,False,0.0,,,,
33,Verrucomicrobiota,Riboflavin/FAD biosynthesis,0.0,0.0,,,0,False,0.0,,,,
34,Verrucomicrobiota,Cysteine biosynthesis,0.0,0.0,,,0,False,0.0,,,,
35,Verrucomicrobiota,Lysine biosynthesisTCA cycle,0.0,0.0,,,0,False,0.0,,,,
36,Verrucomicrobiota,Menaquinone biosynthesis,0.0,0.0,,,0,False,0.0,,,,
37,Verrucomicrobiota,Isoprenoid biosynthesis,-0.0080794241641099,0.0571301561452459,,,1,False,0.0,-0.0216249899526021,0.0054661416243822,-0.9999999999999952,0.3222234059506778
38,Verrucomicrobiota,Asparagine biosynthesis,0.0,0.0,,,0,False,0.0,,,,
39,Verrucomicrobiota,Gluconeogenesis,0.0,0.0,,,0,False,0.0,,,,
40,Verrucomicrobiota,Phospholipid biosynthesis,0.0,0.0,,,0,False,0.0,,,,
41,Verrucomicrobiota,Lipid A biosynthesis,0.0,0.0,,,0,False,0.0,,,,
42,Verrucomicrobiota,NADH dehydrogenase,0.0,0.0,,,0,False,0.0,,,,
43,Verrucomicrobiota,3D,0.0,0.0,,,0,False,0.0,,,,
44,Verrucomicrobiota,Non-phosphorylated Entner-Doudoroff pathway,0.0,0.0,,,0,False,0.0,,,,
45,Verrucomicrobiota,CRISPR-Cas system,0.0,0.0,,,0,False,0.0,,,,
46,Verrucomicrobiota,Heme biosynthesis,-0.0004640372462858,0.0032812388357184,,,1,False,0.0,-0.0012420193054278,0.0003139448128561,-0.9999999999999428,0.322223405950703
47,Verrucomicrobiota,Pyrimidine salvage,0.0,0.0,,,0,False,0.0,,,,
48,Verrucomicrobiota,Cobalamine/B12 biosynthesis,0.0,0.0,,,0,False,0.0,,,,
49,Verrucomicrobiota,Glutamine biosynthesis,0.0,0.0,,,0,False,0.0,,,,
50,Verrucomicrobiota,Pentose phosphate pathway,0.0,0.0,,,0,False,0.0,,,,
51,Verrucomicrobiota,Aromatic amino acid biosynthesis,0.0,0.0,,,0,False,0.0,,,,
52,Verrucomicrobiota,Photosystem I,0.1474408119964226,0.3657965131589774,,,9,True,0.0,0.0607104218046168,0.2341712021882284,2.8501200595373315,0.006376229473153769
53,Verrucomicrobiota,Molybdopterin biosynthesis,0.0,0.0,,,0,False,0.0,,,,
54,Verrucomicrobiota,Glycine cleavagePyruvate oxidation,0.0,0.0,,,0,False,0.0,,,,
55,Verrucomicrobiota,Ubiquinone biosynthesis,0.0,0.0,,,0,False,0.0,,,,
56,Verrucomicrobiota,Ribosome 50S subunit,0.0,0.0,,,0,False,0.0,,,,
57,Verrucomicrobiota,Archaeal ribosomal proteins,0.0473937181812313,0.1587720873538642,,,6,True,0.0,0.0097488402439082,0.0850385961185545,2.110724880557993,0.03992312710437289
58,Verrucomicrobiota,Lysine biosynthesis,0.0,0.0,,,0,False,0.0,,,,
59,Verrucomicrobiota,Biotin biosynthesis,0.0,0.0,,,0,False,0.0,,,,
60,Verrucomicrobiota,"Histidine biosynthesis, Purine biosynthesis",0.0,0.0,,,0,False,0.0,,,,
61,Verrucomicrobiota,FoF1-type ATP synthase,0.0,0.0,,,0,False,0.0,,,,
62,Verrucomicrobiota,Pyrimidine biosynthesis,0.0,0.0,,,0,False,0.0,,,,
63,Verrucomicrobiota,Pantothenate/CoA biosynthesis,0.0,0.0,,,0,False,0.0,,,,
64,Verrucomicrobiota,Threonine biosynthesis,0.0,0.0,,,0,False,0.0,,,,
65,Verrucomicrobiota,Glycolysis,0.0,0.0,,,0,False,0.0,,,,
66,Verrucomicrobiota,Proline degradation,0.0,0.0,,,0,False,0.0,,,,
67,Verrucomicrobiota,Aminoacyl-tRNA synthetases,0.0,0.0,,,0,False,0.0,,,,
68,Verrucomicrobiota,"Isoleucine, leucine, valine biosynthesis",0.0,0.0,,,0,False,0.0,,,,
69,Verrucomicrobiota,RNA polymerase,0.0,0.0,,,0,False,0.0,,,,
0,Firmicutes,Entner-Doudoroff pathway,-18.9978338383068,1.4267198888002464,,,50,True,2.677967018602312,-19.33610926794786,-18.65955840866574,-94.15651411587497,4.8782565162406884e-57
1,Firmicutes,23S rRNA modification,7.806429811366748,0.7844056474433129,,,50,True,2.143581794313167,7.620447153183651,7.992412469549844,70.37149049686265,6.906836481922485e-51
2,Firmicutes,Biotin biosynthesis,18.88482420677474,1.4249670584783378,,,50,True,2.012658644768449,18.54696437337993,19.222684040169558,93.71155058409572,6.145029451818123e-57
3,Firmicutes,Asparagine biosynthesis,15.141248244903869,1.5395955065106688,,,50,True,1.4786147589520136,14.77620999491052,15.506286494897214,69.54085838991273,1.228857941346378e-50
4,Firmicutes,Menaquinone biosynthesis,-14.407494133140476,1.37999405591543,,,50,True,1.4722960281548516,-14.734690863088256,-14.080297403192697,-73.82377306466715,6.752181151931955e-52
5,Firmicutes,NADH dehydrogenase,-6.28830934921336,0.7621301126124562,,,50,True,1.4464257471649624,-6.469010475839671,-6.10760822258705,-58.3431373389203,6.051131903834442e-47
6,Firmicutes,Lysine biosynthesisTCA cycle,-4.525014960028413,1.2171804822265928,,,50,True,0.8053603429975976,-4.81360857522092,-4.236421344835906,-26.28754576604366,1.5206292840451449e-30
7,Firmicutes,Ubiquinone biosynthesis,-7.866537559356537,1.1711996570643268,,,50,True,0.789277744260097,-8.144229116261979,-7.588846002451095,-47.4938838918578,1.2161926887808648e-42
8,Firmicutes,Glycolysis,-6.808869024273341,1.1004123675401467,,,50,True,0.7688530026255515,-7.0697769076876575,-6.547961140859026,-43.75266583051248,6.188004057834638e-41
9,Firmicutes,A/V-type ATP synthase,-3.4021988583260367,0.749281136254489,,,50,True,0.6526470979274898,-3.5798534913609568,-3.2245442252911167,-32.107012538620516,1.4341851319000758e-34
10,Firmicutes,2Fe2S,-7.860097381659677,0.8265851906639189,,,50,True,0.632555756661639,-8.056080813797788,-7.664113949521567,-67.23962904409186,6.285523939798124e-50
11,Firmicutes,Thymidylate biosynthesis,-4.425636397124987,2.2869829826723964,,,48,True,0.603438791128987,-4.967880293154122,-3.883392501095852,-13.683518990667348,2.320630589908118e-18
12,Firmicutes,Archaeal ribosomal proteins,-3.888668455068777,1.381292396474657,,,50,True,0.5198188034188033,-4.2161730216942,-3.5611638884433545,-19.906747053579377,3.9556682973998096e-25
13,Firmicutes,Cobalamine/B12 biosynthesis,-7.672843242017646,1.148567080543815,,,50,True,0.5040696050499968,-7.945168612745647,-7.400517871289646,-47.23728878633033,1.577139086914353e-42
14,Firmicutes,Photosystem I,-4.2775281442439566,0.6515010321958166,,,50,True,0.5022994078543096,-4.431999104737093,-4.12305718375082,-46.426160635799405,3.6187570359516667e-42
15,Firmicutes,Lysine biosynthesis,-5.103858143297916,1.4432106314357147,,,50,True,0.4859627897882797,-5.4460435296823455,-4.761672756913486,-25.00655569416025,1.488694746545171e-29
16,Firmicutes,Folate biosynthesis,-4.133098407845926,1.0765646655272771,,,50,True,0.3750516004692474,-4.388351998705914,-3.877844816985939,-27.146923961764823,3.4721186152569803e-31
17,Firmicutes,NAD biosynthesis,-3.5542957883973467,0.7718691713594776,,,50,True,0.2335628344785204,-3.737306046835592,-3.371285529959102,-32.560785526541814,7.431242225842615e-35
18,Firmicutes,Na+-translocating Fd:NADH oxidoreductase,-4.919381080396716,1.465846315175653,,,50,True,0.1632947377241492,-5.266933389680627,-4.571828771112806,-23.73050766084226,1.59962549224479e-28
19,Firmicutes,"Isoleucine, leucine, valine biosynthesis",-3.233373245536512,0.7309073765259292,,,50,True,0.1056402882520526,-3.406671458285228,-3.060075032787796,-31.280846540271778,4.853445074174103e-34
20,Firmicutes,Glycine cleavagePyruvate oxidation,3.951141604340107,0.7439195414879358,,,50,True,0.0894941846824199,3.774758205965512,4.127525002714703,37.556198836625036,8.887569391866984e-38
21,Firmicutes,Pyrimidine degradation,-0.6042802614931818,0.6873428271170005,,,32,True,0.0826197866041,-0.7672493151798363,-0.4413112078065274,-6.216558226572939,1.0842733419815293e-07
22,Firmicutes,Ribosome 30S subunit,-4.183286997004389,1.1654941758794797,,,50,True,0.0707523210993796,-4.459625783745018,-3.90694821026376,-25.38005478233461,7.576720013306709e-30
23,Firmicutes,Glycine cleavage,1.022849168437388,0.9746723624384208,,,40,True,0.068061303837774,0.7917542529243071,1.2539440839504683,7.4205816334388315,1.483857084676546e-09
24,Firmicutes,Urea cycle,-0.5297022527880175,0.6983535854144437,,,30,True,0.0654020389922348,-0.6952819583783709,-0.3641225471976642,-5.363415650453267,2.2004401237697858e-06
25,Firmicutes,Heme biosynthesis,-4.332876835024534,0.5807900321635803,,,50,True,0.0616393776883968,-4.470582210272784,-4.195171459776283,-52.75239626063397,7.806927059912791e-45
26,Firmicutes,Purine biosynthesis,-1.3758919323672345,0.8973345923499289,,,48,True,0.0540584883526058,-1.588650054786216,-1.163133809948253,-10.842137635738627,1.2842199025427078e-14
27,Firmicutes,Proline biosynthesis,14.16491740212143,10.635879725313046,,,38,True,0.0469380090497733,11.64314924571308,16.686685558529778,9.417283204274476,1.4210842019140217e-12
28,Firmicutes,Aromatic amino acid biosynthesis,-1.3932081638654,1.098156042231249,,,42,True,0.0423656611362489,-1.6535810723212332,-1.1328352554095669,-8.970919453960727,6.514692030876422e-12
29,Firmicutes,Lipoate biosynthesis,-1.6438455848736715,0.8679459074420962,,,47,True,0.0348720909446395,-1.849635647134648,-1.4380555226126954,-13.39224426685007,5.354937819560784e-18
30,Firmicutes,Aminoacyl-tRNA synthetases,4.292889221581906,0.9184730943508717,,,50,True,0.0301251047427516,4.075119158204879,4.510659284958934,33.04975505688122,3.6932636409499745e-35
31,Firmicutes,Pyruvate oxidation,2.492810736863493,1.062232553613697,,,50,True,0.0254257471649627,2.2409552911848323,2.744666182542153,16.59413816921908,9.509190396061462e-22
32,Firmicutes,Pyridoxal phosphate biosynthesis,-0.5452067109348964,0.7435574348946096,,,34,True,0.0170351712194845,-0.7215042537996651,-0.3689091680701277,-5.184796013842855,4.0924076081329686e-06
33,Firmicutes,Pantothenate/CoA biosynthesis,0.4846708075109996,0.6681800646115064,,,27,True,0.0105100497178926,0.3262452467485988,0.6430963682734006,5.129066740915844,4.9617237045361455e-06
34,Firmicutes,Pyrimidine salvage,0.0609800969963053,0.3427570581697658,,,34,False,0.002540193285291,-0.020287636092062,0.1422478300846728,1.2580175688794732,0.21434738396523198
35,Firmicutes,16S rRNA modification,0.0,0.0,,,0,False,0.0,,,,
36,Firmicutes,Mureine biosynthesis,-0.0396599123748008,0.1633165451964627,,,5,True,0.0,-0.0783822817253006,-0.000937543024301,-1.7171434129806296,0.09226828236904228
37,Firmicutes,Riboflavin/FAD biosynthesis,0.0,0.0,,,0,False,0.0,,,,
38,Firmicutes,RNA polymerase,0.0,0.0,,,0,False,0.0,,,,
39,Firmicutes,CRISPR-Cas system,-0.1509280231195975,0.6424997077015278,,,37,False,-0.0013891682028937,-0.3032647686665858,0.0014087224273906,-1.661047115503515,0.10309025994233077
40,Firmicutes,Isoprenoid biosynthesis,-0.0504128824803432,0.7457643247821961,,,4,False,-0.0044770906653262,-0.2272336791602119,0.1264079141995254,-0.47799673270000054,0.6347781895731806
41,Firmicutes,"TCA cycle, glyoxylate bypass",0.4439050226029865,0.6377794305302545,,,32,True,-0.0047946148259875,0.29268745524975,0.5951225899562228,4.921580042560644,1.0118179499707794e-05
42,Firmicutes,Fatty acid biosynthesis,0.2754876001609834,0.6568110643782845,,,27,True,-0.0082873805932634,0.1197576305014137,0.4312175698205529,2.965832349231662,0.004654515890183507
43,Firmicutes,Purine salvage,3.061877359222868,0.7432126337239423,,,50,True,-0.0179956818054859,2.885661568750467,3.2380931496952687,29.131289561369865,1.3341973330652666e-32
44,Firmicutes,Methionine biosynthesis,-0.9133366262571562,0.6548628143100226,,,46,True,-0.0298948997262726,-1.0686046656288934,-0.7580685868854189,-9.862012437107687,3.1864599191844887e-13
45,Firmicutes,Glutamine biosynthesis,0.5806770706536736,0.5576447817624244,,,40,True,-0.0321016926428692,0.4484594366117115,0.7128947046956357,7.3631226861131545,1.8200702459479451e-09
46,Firmicutes,Thiamine biosynthesis,-2.351973343492681,0.8726071829603631,,,50,True,-0.0390951622814369,-2.558868594649526,-2.145078092335836,-19.058934338719688,2.6273127772312516e-24
47,Firmicutes,"Histidine biosynthesis, Purine biosynthesis",0.4705466643948816,0.9119151958812864,,,24,True,-0.0450328640858055,0.2543314794069162,0.6867618493828468,3.64865876521314,0.0006386648271428475
48,Firmicutes,Arginine biosynthesis,-1.6818911928306226,1.119600205390752,,,47,True,-0.0489860398860404,-1.9473485145360487,-1.4164338711251965,-10.622333418145407,2.6116348396094458e-14
49,Firmicutes,Threonine biosynthesis,-1.0156326503164743,0.8955091614751319,,,39,True,-0.0532726160549693,-1.227957962890791,-0.8033073377421577,-8.019579978950196,1.7833355839539346e-10
50,Firmicutes,Pentose phosphate pathway,15.477761410439037,1.1558756066914178,,,50,True,-0.0551856991229544,15.20370318742375,15.751819633454325,94.68518919813766,3.71322160560427e-57
51,Firmicutes,Proline degradation,0.4541421082873708,0.579776498965924,,,25,True,-0.0609249483269092,0.3166770418625854,0.5916071747121561,5.538806160048051,1.1916186702891092e-06
52,Firmicutes,FoF1-type ATP synthase,0.9194878113376952,0.6957142139466018,,,43,True,-0.0706650019551983,0.7545339009887732,1.0844417216866171,9.345447506771281,1.81306293319904e-12
53,Firmicutes,Photosystem II,0.5705479659009722,0.6774552757049797,,,34,True,-0.0789603206524778,0.4099232516521117,0.7311726801498326,5.955202507810407,2.7433128600002626e-07
54,Firmicutes,Na+-translocating NADH dehydrogenase,7.016904079304809,1.4349140061896175,,,50,True,-0.0979958940841296,6.676685823603652,7.3571223350059665,34.578381951875045,4.405772939137643e-36
55,Firmicutes,Histidine biosynthesis,3.548435686975709,1.006532440813346,,,50,True,-0.1187064074632702,3.3097867436641244,3.787084630287294,24.92838616147661,1.7166079712565284e-29
56,Firmicutes,Cysteine biosynthesis,5.754967098799426,1.0162710988136674,,,50,True,-0.1274700742975253,5.51400911869299,5.995925078905862,40.04223150512581,4.236546485754071e-39
57,Firmicutes,TCA cycle,0.6424944140778194,0.6929379962353228,,,40,True,-0.1423222669124631,0.4781987452284602,0.8067900829271785,6.556317585947742,3.230670143806164e-08
58,Firmicutes,tRNA modification,1.0287209694379598,1.0861905072505775,,,33,True,-0.1428144293614882,0.7711850905337897,1.2862568483421295,6.696942834454087,1.9559984331466107e-08
59,Firmicutes,Pyrimidine salvagetRNA modification,2.345229309567132,1.7405959458345557,,,45,True,-0.153245098039216,1.9325338351220347,2.7579247840122285,9.527354997010827,9.794901029850246e-13
60,Firmicutes,Gluconeogenesis,7.881599945482545,1.341226733003769,,,50,True,-0.182870102228926,7.5635949517101135,8.199604939254977,41.55250287599636,7.2651892603781745e-40
61,Firmicutes,3D,3.0619767572765197,0.6827878677944996,,,50,True,-0.2010404223227756,2.9000876849049866,3.223865829648052,31.710354431157988,2.5658828782249364e-34
62,Firmicutes,Molybdopterin biosynthesis,1.8519051965839344,0.5709406684913914,,,50,True,-0.2225209317915202,1.7165351064565089,1.98727528671136,22.935740872676178,7.416955432486644e-28
63,Firmicutes,Serine biosynthesis,2.3650147076982626,1.1984782039431687,,,48,True,-0.2303479023518243,2.080855404574477,2.649174010822048,13.953678355744737,1.0786256857087256e-18
64,Firmicutes,Non-phosphorylated Entner-Doudoroff pathway,2.7940510196981223,1.2535262203671946,,,49,True,-0.2843428858722981,2.496839826323908,3.091262213072337,15.761077757360287,8.027702109299435e-21
65,Firmicutes,Lipid A biosynthesis,4.255760415765083,1.2146303080748928,,,50,True,-0.3166985978436962,3.967771447121347,4.54374938440882,24.77525078278569,2.2716937667496462e-29
66,Firmicutes,Translation factors,3.981307977334482,1.4323099442618916,,,49,True,-0.3787825093570194,3.64170714497923,4.320908809689733,19.65503262784414,6.893956916869906e-25
67,Firmicutes,Ribosome 50S subunit,9.760740436883948,0.9967673693693914,,,50,True,-0.4088441092676388,9.524406792997366,9.99707408077053,69.2426935754216,1.5136908676248052e-50
68,Firmicutes,Phospholipid biosynthesis,6.778893586177968,1.3056103932695484,,,50,True,-0.4638234176861633,6.469333230151468,7.088453942204467,36.713874586465685,2.6017130735569453e-37
69,Firmicutes,Pyrimidine biosynthesis,17.317758615806056,2.1019047896188616,,,50,True,-0.5302812245125974,16.819396778030853,17.81612045358126,58.25908296449859,6.487685194842584e-47
0,Actinobacteriota,Threonine biosynthesis,-4.564740643231947,0.7202256586658421,,,50,True,0.1728969568020631,-4.735506219597873,-4.393975066866021,-44.815941008909725,1.9624259994607998e-41
1,Actinobacteriota,Phospholipid biosynthesis,8.354265632348163,1.1392199694851903,,,50,True,0.0967145927358693,8.084156462595617,8.624374802100709,51.8544094968474,1.7846152674118378e-44
2,Actinobacteriota,Lipid A biosynthesis,-2.795305583524528,0.9463516861491832,,,49,True,0.0545951880507199,-3.019685663830872,-2.570925503218184,-20.886310686904874,4.794047665861565e-26
3,Actinobacteriota,Menaquinone biosynthesis,-2.569732008314597,0.9675415935305026,,,50,True,0.051149647539222,-2.799136217799864,-2.340327798829331,-18.780328836106953,4.964645565352227e-24
4,Actinobacteriota,23S rRNA modification,4.128865701833466,0.8213962458571591,,,50,True,0.0406760025789813,3.9341125690327865,4.3236188346341455,35.54373362552119,1.2025130771139113e-36
5,Actinobacteriota,tRNA modification,-2.89628539892809,0.7301205257775356,,,50,True,0.035245617880937,-3.0693970492849405,-2.7231737485712397,-28.049931121339938,7.68298460775877e-32
6,Actinobacteriota,A/V-type ATP synthase,1.189857901537135,0.7705093663253224,,,47,True,0.0255808102299591,1.007170053009741,1.3725457500645295,10.919485571445582,1.0018228671053938e-14
7,Actinobacteriota,Pyridoxal phosphate biosynthesis,-1.779292795081686,0.5200144014191268,,,50,True,0.0248650956372233,-1.9025882621460155,-1.6559973280173568,-24.1945222610204,6.663453099132305e-29
8,Actinobacteriota,NADH dehydrogenase,2.1055065899204264,1.0578769077499557,,,50,True,0.0228137352245862,1.8546838683156976,2.3563293115251547,14.073641050850883,7.697887455586225e-19
9,Actinobacteriota,Pyrimidine salvagetRNA modification,-3.436027183119602,0.9103587361917796,,,50,True,0.0207703567590802,-3.6518733313580833,-3.2201810348811204,-26.688798876021824,7.590793963628544e-31
10,Actinobacteriota,Gluconeogenesis,2.615257641284741,0.8495425683027955,,,50,True,0.0207690264345584,2.413831012591241,2.816684269978241,21.767789887172043,7.672811678122939e-27
11,Actinobacteriota,Glycolysis,-0.9960736719315448,0.6320483585033221,,,47,True,0.0200200537287771,-1.1459324015287276,-0.8462149423343622,-11.143616441818159,4.8994473483371325e-15
12,Actinobacteriota,Folate biosynthesis,-5.64462253396996,1.1474618332289952,,,50,True,0.0199056458199011,-5.916685850448058,-5.372559217491862,-34.784171075884586,3.331161134017689e-36
13,Actinobacteriota,2Fe2S,4.1635801160139065,0.9781844053882042,,,50,True,0.0174445454545454,3.931652494762943,4.39550773726487,30.09755336345304,2.929929689053321e-33
14,Actinobacteriota,Urea cycle,-1.0580746490611608,0.682595647217847,,,48,True,0.0163909284332689,-1.2199181459145674,-0.8962311522077542,-10.960687522725266,8.779638598938146e-15
15,Actinobacteriota,Entner-Doudoroff pathway,4.730605463619357,1.5631496933010072,,,50,True,0.0162485837094347,4.3599825135605705,5.101228413678143,21.39937855458634,1.6379502876780366e-26
16,Actinobacteriota,Non-phosphorylated Entner-Doudoroff pathway,3.0651793574461306,1.3437760022118106,,,49,True,0.0140575392220073,2.746569931687161,3.3837887832051003,16.129244052845863,3.0979867271875082e-21
17,Actinobacteriota,Cysteine biosynthesis,5.623078992057698,0.713979606101488,,,50,True,0.0129600214915109,5.453794355385228,5.792363628730167,55.68950782981374,5.728041983729343e-46
18,Actinobacteriota,Molybdopterin biosynthesis,-0.4524710387063823,0.5366184004396325,,,35,True,0.0125103718031378,-0.5797033156144046,-0.3252387617983601,-5.962250632808786,2.6756316337965635e-07
19,Actinobacteriota,CRISPR-Cas system,-0.4353749091859958,0.4870734902003411,,,32,True,0.005997102944337,-0.5508600828754475,-0.3198897354965442,-6.320535952742341,7.488037415474859e-08
20,Actinobacteriota,Ribosome 50S subunit,0.7933669690424978,0.7932549786485156,,,38,True,0.0052361573178594,0.6052861335374373,0.9814478045475584,7.072066093239612,5.130536863364734e-09
21,Actinobacteriota,TCA cycle,-0.225460484438126,0.482916860437945,,,23,True,0.0035107264130668,-0.3399601207913625,-0.1109608480848896,-3.301285386706623,0.0018005621199646143
22,Actinobacteriota,Lysine biosynthesisTCA cycle,-1.84152819768615,0.9675444123087336,,,49,True,0.0034535224586288,-2.07093307550402,-1.6121233198682805,-13.458370073399925,4.424946367798022e-18
23,Actinobacteriota,"Histidine biosynthesis, Purine biosynthesis",0.0543987261596506,0.3274413939251293,,,14,False,0.0020207629486353,-0.023237661390421,0.1320351137097223,1.174735658625809,0.24577783418119045
24,Actinobacteriota,Cobalamine/B12 biosynthesis,0.2914893316158073,0.6137926900383723,,,20,True,0.0015923984526112,0.1459590228543071,0.4370196403773075,3.3580406931237006,0.0015253935766245392
25,Actinobacteriota,Aromatic amino acid biosynthesis,0.2183565741601525,0.7152358664300978,,,27,True,0.0011999527186761,0.048774078036968,0.387939070283337,2.158748205343212,0.03579468963555723
26,Actinobacteriota,Arginine biosynthesis,-0.5320463887624806,0.5645860569542815,,,35,True,0.0011640339565871,-0.6659097998530523,-0.3981829776719088,-6.663529939603676,2.203704485645004e-08
27,Actinobacteriota,Purine salvage,1.6169227857772446,0.6026840199398124,,,49,True,0.000836774124221,1.4740263438173709,1.7598192277371183,18.970754635112336,3.211070341437651e-24
28,Actinobacteriota,Ribosome 30S subunit,-0.363315372249042,0.3826158852060204,,,35,True,0.0004536406619385,-0.4540336372508715,-0.2725971072472125,-6.714377875039938,1.8380031707182715e-08
29,Actinobacteriota,"TCA cycle, glyoxylate bypass",0.0161936694269574,0.2884643850591357,,,18,False,0.0003485450247152,-0.0522012653868277,0.0845886042407425,0.3969520695508892,0.6931265263534018
30,Actinobacteriota,Translation factors,-0.5901408000704476,0.6766323042211726,,,33,True,8.780141843974427e-05,-0.7505703876974303,-0.4297112124434648,-6.167198328861735,1.2923875419379732e-07
31,Actinobacteriota,RNA polymerase,0.0,0.0,,,0,False,0.0,,,,
32,Actinobacteriota,Riboflavin/FAD biosynthesis,0.0,0.0,,,0,False,0.0,,,,
33,Actinobacteriota,Methionine biosynthesis,0.0,0.0,,,0,False,0.0,,,,
34,Actinobacteriota,Mureine biosynthesis,0.0,0.0,,,0,False,0.0,,,,
35,Actinobacteriota,16S rRNA modification,0.0,0.0,,,0,False,0.0,,,,
36,Actinobacteriota,NAD biosynthesis,-0.0365411726126848,0.1915528333334953,,,10,False,-3.724908661073556e-05,-0.0819583687305157,0.008876023505146,-1.3488973510484434,0.18357097424837024
37,Actinobacteriota,Photosystem II,-0.7118715399765752,0.755558978071654,,,36,True,-0.0003086352890607,-0.8910146499400015,-0.532728430013149,-6.662209143961881,2.214115852484908e-08
38,Actinobacteriota,Asparagine biosynthesis,0.1552398178195157,0.3459267439779978,,,18,True,-0.0005268085106382,0.073220551906083,0.2372590837329484,3.1732477988844265,0.0026036100582766367
39,Actinobacteriota,Serine biosynthesis,0.1020562655642257,0.2859346032518445,,,12,True,-0.0005653879217708,0.0342611422722938,0.1698513888561575,2.5238175660564655,0.014900538711794439
40,Actinobacteriota,Pyrimidine salvage,0.2178425333807407,0.3227531977909481,,,36,True,-0.000778239845261,0.1413177176072883,0.2943673491541931,4.772622971319131,1.6793263960160814e-05
41,Actinobacteriota,Proline biosynthesis,-0.7024543564544651,0.717092066538797,,,34,True,-0.0011201332473672,-0.8724769578107784,-0.5324317550981519,-6.926728966901921,8.615112858746226e-09
42,Actinobacteriota,Aminoacyl-tRNA synthetases,0.168083094931051,0.2806708122378838,,,25,True,-0.001221237911025,0.1015360170198319,0.23463017284227,4.234594088388294,0.00010036883061083968
43,Actinobacteriota,Glutamine biosynthesis,-1.9452793816852727,0.5998930939873827,,,50,True,-0.0016496024070491,-2.0875140948201225,-1.803044668550424,-22.929422856815908,7.509284791169011e-28
44,Actinobacteriota,Lipoate biosynthesis,0.0428711766124773,0.3676174608061685,,,16,False,-0.0024903675048355,-0.0442909604502756,0.1300333136752301,0.8246207792646871,0.41358322606993214
45,Actinobacteriota,Pantothenate/CoA biosynthesis,1.7107447270747989,1.26138649890569,,,46,True,-0.0035559574468084,1.4116698608657263,2.009819593283871,9.59007567024993,7.928149148957353e-13
46,Actinobacteriota,Glycine cleavage,0.7238768023756429,0.8474845447171038,,,31,True,-0.0036637137330754,0.5229381312820378,0.924815473469248,6.039734870614228,2.0326660957500993e-07
47,Actinobacteriota,Thiamine biosynthesis,0.2917969248210819,0.5191220608563475,,,28,True,-0.0040628110896196,0.1687130317942562,0.4148808178479074,3.974625619454549,0.00023139617426897155
48,Actinobacteriota,Isoprenoid biosynthesis,-0.986358307057856,0.7032791040983509,,,45,True,-0.0040840962819685,-1.1531058536253227,-0.8196107604903891,-9.917266751362993,2.650531935429594e-13
49,Actinobacteriota,Na+-translocating Fd:NADH oxidoreductase,1.7302037417475178,0.8374851357550482,,,49,True,-0.0059452202879862,1.5316359315281105,1.928771551966925,14.608483737696393,1.747627661314975e-19
50,Actinobacteriota,Thymidylate biosynthesis,4.7707101539951,1.8489675612680996,,,49,True,-0.0060742617666021,4.332319758592178,5.209100549398021,18.244784665945318,1.7219258890557765e-23
51,Actinobacteriota,Purine biosynthesis,5.071752336366512,0.7337280340993442,,,50,True,-0.0062418826563507,4.8977853454224345,5.245719327310589,48.87738103050194,3.06440412266127e-43
52,Actinobacteriota,Histidine biosynthesis,-0.949676695049889,0.7195391899615258,,,44,True,-0.0065012959381044,-1.1202795096167328,-0.7790738804830455,-9.332679030874084,1.8934025549781683e-12
53,Actinobacteriota,Lysine biosynthesis,0.7014079842233186,0.6808609240125224,,,38,True,-0.0082812701482914,0.5399757904169893,0.8628401780296479,7.284458903879959,2.407739476547108e-09
54,Actinobacteriota,"Isoleucine, leucine, valine biosynthesis",-0.6142452053433483,0.6927435499330413,,,29,True,-0.0094679196217493,-0.77849477095481,-0.4499956397318866,-6.269808647826267,8.970666592464013e-08
55,Actinobacteriota,Glycine cleavagePyruvate oxidation,0.5262104077187799,0.6847159472742369,,,32,True,-0.0099109176875133,0.3638641875079899,0.6885566279295698,5.434179663992286,1.7188309211351212e-06
56,Actinobacteriota,Fatty acid biosynthesis,1.2798289279551374,0.9212862074113056,,,44,True,-0.0105707586503331,1.0613918751875375,1.4982659807227368,9.822959536739958,3.6301810480509285e-13
57,Actinobacteriota,Biotin biosynthesis,0.4363022405892869,0.5232557236756024,,,33,True,-0.0144859037180313,0.3122382556907831,0.5603662254877907,5.8960133450701555,3.383184170122639e-07
58,Actinobacteriota,3D,3.83261524516381,0.8158563471738991,,,50,True,-0.017519043627767,3.6391756229001033,4.026054867427517,33.217468233493115,2.912102645764373e-35
59,Actinobacteriota,Pentose phosphate pathway,0.443445937542002,0.6205038852877985,,,26,True,-0.017911489361702,0.2963244037094658,0.5905674713745381,5.05337092901748,6.440339159316262e-06
60,Actinobacteriota,Pyrimidine biosynthesis,-5.08448729619723,0.5364839606075229,,,50,True,-0.0263444165054803,-5.211687697407489,-4.957286894986971,-67.01552534630427,7.389864283710954e-50
61,Actinobacteriota,Pyruvate oxidation,1.5829077196300323,0.7531382639505021,,,49,True,-0.0270867375886524,1.404338561229067,1.761476878030998,14.861610890301174,8.767611078610887e-20
62,Actinobacteriota,FoF1-type ATP synthase,2.1771942762611785,0.7608243425703379,,,50,True,-0.0287283580485707,1.9968027478436523,2.3575858046787044,20.23474737287983,1.9338612619041307e-25
63,Actinobacteriota,Ubiquinone biosynthesis,1.2621792575789166,0.9737693425644044,,,44,True,-0.0362273973780356,1.0312984481691116,1.4930600669887213,9.165368769535123,3.3472688445076705e-12
64,Actinobacteriota,Heme biosynthesis,4.100336418260379,0.8026668563360202,,,50,True,-0.0398152826133676,3.9100240256056193,4.290648810915138,36.121781578636764,5.6125962041249075e-37
65,Actinobacteriota,Archaeal ribosomal proteins,-1.017687715023912,0.8348499619292288,,,39,True,-0.0403939737803567,-1.2156307252632352,-0.8197447047845886,-8.619679190746055,2.1901249758145602e-11
66,Actinobacteriota,Proline degradation,-2.589095771791535,1.039343901398954,,,50,True,-0.0643424758220501,-2.835524315719805,-2.342667227863265,-17.614642996519294,7.708231332854052e-23
67,Actinobacteriota,Pyrimidine degradation,-2.770541788589693,0.992157711038037,,,50,True,-0.0751686567805716,-3.0057824820206336,-2.5353010951587533,-19.745539085946508,5.642199615146856e-25
68,Actinobacteriota,Photosystem I,-4.455589627873638,1.2780094616809323,,,50,True,-0.0767397700408338,-4.758605800234566,-4.152573455512711,-24.652224686271285,2.848203690282171e-29
69,Actinobacteriota,Na+-translocating NADH dehydrogenase,6.849701717159718,0.8212085225206619,,,50,True,-0.1529274554051149,6.654993093581069,7.044410340738366,58.97978893889173,3.5814380189400003e-47
0,Firmicutes_A,23S rRNA modification,4.831905309130854,0.2268564243787953,,,50,True,0.332377564813636,4.778117628012801,4.885692990248908,150.60948877659695,5.335265989127921e-67
1,Firmicutes_A,Ubiquinone biosynthesis,-4.720969945827942,0.5642065893093692,,,50,True,0.1740918651334864,-4.854743385101604,-4.587196506554281,-59.16680034806165,3.073288972965033e-47
2,Firmicutes_A,Ribosome 50S subunit,-4.407141565223103,0.5575752303081067,,,50,True,0.1498962444359581,-4.539342708608227,-4.27494042183798,-55.89056896764093,4.813701397294966e-46
3,Firmicutes_A,Methionine biosynthesis,-3.9521325785550063,0.2743567189752434,,,50,True,0.1474342581311284,-4.017182584316338,-3.887082572793674,-101.85935146340229,1.0549603129490195e-58
4,Firmicutes_A,Photosystem II,-4.66374549253969,0.4929074849619982,,,50,True,0.1422818473325936,-4.780613906975987,-4.546877078103393,-66.9043616523141,8.009230371599695e-50
5,Firmicutes_A,3D,-2.5609338223666134,0.2391257089393223,,,50,True,0.1231633281405643,-2.6176305520923724,-2.5042370926408544,-75.7281046859298,1.959204306087843e-52
6,Firmicutes_A,Urea cycle,-2.9415465187140706,0.3257523808947165,,,50,True,0.0894561437326107,-3.0187824411041504,-2.864310596323991,-63.85179702587209,7.697013527744419e-49
7,Firmicutes_A,Glycolysis,-2.8753190633555628,0.9282299455130836,,,50,True,0.0783153889828437,-3.095402477127963,-2.655235649583163,-21.903598538289273,5.816913967767718e-27
8,Firmicutes_A,Pyrimidine degradation,-2.687837268276113,0.4743791126694266,,,50,True,0.0772817689359268,-2.800312603771673,-2.5753619327805533,-40.06474796980362,4.124740088341463e-39
9,Firmicutes_A,Photosystem I,-6.612726380567154,0.7163462693900814,,,50,True,0.0743603959435785,-6.78257215334423,-6.442880607790078,-65.27434937033193,2.6470525497444734e-49
10,Firmicutes_A,Na+-translocating NADH dehydrogenase,-2.2277317086998885,0.3907624992689013,,,50,True,0.0666167178871692,-2.3203815367183087,-2.135081880681468,-40.31206169561295,3.0776556797585716e-39
11,Firmicutes_A,"Histidine biosynthesis, Purine biosynthesis",-3.890249589314531,0.4231868675109969,,,50,True,0.0659452100242664,-3.990587238315918,-3.789911940313144,-65.0025337811553,3.2401838877703034e-49
12,Firmicutes_A,TCA cycle,-1.5912467411047857,0.3390168325723632,,,50,True,0.063261688882423,-1.6716276663264875,-1.5108658158830832,-33.189542614702425,3.029407855076002e-35
13,Firmicutes_A,FoF1-type ATP synthase,5.253997655418521,0.4512220756460729,,,50,True,0.0626981243395383,5.147012855738563,5.36098245509848,82.3350091009004,3.3547330742338373e-54
14,Firmicutes_A,Purine salvage,3.743849774129972,0.376835994584757,,,50,True,0.0513107316550788,3.654501921777839,3.833197626482104,70.2507616330054,7.50701877646886e-51
15,Firmicutes_A,Pentose phosphate pathway,-1.6914200006376825,0.4760647516449512,,,50,True,0.0469666406017953,-1.80429500130448,-1.5785449999708852,-25.122938595072604,1.2050464076281993e-29
16,Firmicutes_A,Histidine biosynthesis,-2.128328291846227,0.4062658204541777,,,50,True,0.0455119160913197,-2.22465395888251,-2.032002624809944,-37.04361262961305,1.7040182921123238e-37
17,Firmicutes_A,Threonine biosynthesis,-1.89671364140263,0.3316439163183503,,,50,True,0.0400425786845927,-1.9753464474363176,-1.8180808353689424,-40.4403340997038,2.645742865380255e-39
18,Firmicutes_A,Glycine cleavage,-2.4349629328484657,0.2205474585056746,,,50,True,0.039277561782837,-2.487254757521204,-2.3826711081757272,-78.06840366336543,4.462804924229054e-53
19,Firmicutes_A,Menaquinone biosynthesis,-1.4866522187628943,0.425212886893247,,,50,True,0.0299542713050013,-1.58747023716431,-1.3858342003614783,-24.72224849142888,2.50388510739962e-29
20,Firmicutes_A,Glycine cleavagePyruvate oxidation,-0.6317797072519943,0.3670492447005331,,,49,True,0.0248721491799666,-0.7188071202187478,-0.5447522942852407,-12.17100216561999,2.00488789861327e-16
21,Firmicutes_A,Aromatic amino acid biosynthesis,-1.596530365022871,0.3784637292875405,,,50,True,0.0243035640175461,-1.6862641534373295,-1.5067965766084126,-29.82894687433054,4.445774465506955e-33
22,Firmicutes_A,Molybdopterin biosynthesis,-0.6039287926820035,0.2606616256049188,,,50,True,0.0178370060555362,-0.6657316904229116,-0.5421258949410954,-16.383007804398147,1.6211840666744268e-21
23,Firmicutes_A,tRNA modification,-0.7919253500202345,0.4146545153219108,,,46,True,0.0167669865169854,-0.8902399774563731,-0.6936107225840958,-13.504634931036726,3.8733423538429184e-18
24,Firmicutes_A,Fatty acid biosynthesis,-1.0151015955190397,0.4456663668879159,,,49,True,0.0153486614981439,-1.1207691360916714,-0.909434054946408,-16.10588716391332,3.289422945881871e-21
25,Firmicutes_A,Isoprenoid biosynthesis,5.051482732611327,0.4362260352950338,,,50,True,0.0125546867265147,4.948053495612231,5.154911969610423,81.88272607022192,4.38579907281268e-54
26,Firmicutes_A,Arginine biosynthesis,-0.5590773709469526,0.3732338876998358,,,48,True,0.0122352498085544,-0.6475711633930903,-0.470583578500815,-10.591948192080284,2.8822730424513914e-14
27,Firmicutes_A,NADH dehydrogenase,-0.9591232648508397,0.3834532302645985,,,50,True,0.0108093938604094,-1.0500400644505756,-0.8682064652511035,-17.686708861516752,6.481073107288257e-23
28,Firmicutes_A,Pantothenate/CoA biosynthesis,-0.3911933240490763,0.4105435443481453,,,42,True,0.005596735627446,-0.4885332398523927,-0.29385340824576,-6.737785942517113,1.6906988062801332e-08
29,Firmicutes_A,Heme biosynthesis,-0.8006557437967446,0.2118777560786963,,,50,True,0.0046905138012481,-0.8508919811489667,-0.7504195064445227,-26.720554168242007,7.187488330603335e-31
30,Firmicutes_A,Pyruvate oxidation,-0.3492534806388914,0.4722345640757814,,,42,True,0.0043020433646717,-0.4612203434464372,-0.2372866178313456,-5.229594004752564,3.5041551222962285e-06
31,Firmicutes_A,Biotin biosynthesis,-0.6438429488993591,0.467584029908223,,,44,True,0.0024105249545884,-0.7547071695863734,-0.5329787282123449,-9.736553989562898,4.847045886563936e-13
32,Firmicutes_A,Serine biosynthesis,-0.149206729019401,0.4019128217032182,,,31,True,0.0013279538671983,-0.2445002996124599,-0.0539131584263422,-2.6250740009033473,0.011522821483603183
33,Firmicutes_A,Archaeal ribosomal proteins,-0.0850129490124433,0.3675010866218886,,,30,False,0.0005503854166034,-0.1721474937443572,0.0021215957194704,-1.6357293875763057,0.10830459430550257
34,Firmicutes_A,Purine biosynthesis,0.0873807194947147,0.2750839471458043,,,36,True,0.0003319884667995,0.02215828786074,0.1526031511286892,2.2461324966710157,0.02923717035848582
35,Firmicutes_A,Mureine biosynthesis,-0.0706729601635656,0.2235610820106576,,,7,True,0.0002020799363127,-0.1236793152735167,-0.0176666050536146,-2.235332238005613,0.029985385338685073
36,Firmicutes_A,Riboflavin/FAD biosynthesis,0.0,0.0,,,0,False,0.0,,,,
37,Firmicutes_A,Proline biosynthesis,0.0,0.0,,,0,False,0.0,,,,
38,Firmicutes_A,RNA polymerase,0.0,0.0,,,0,False,0.0,,,,
39,Firmicutes_A,Pyrimidine salvage,-0.0688212557757438,0.1913801255557131,,,45,True,-0.000633225638943,-0.1141975028620303,-0.0234450086894574,-2.54279155202224,0.014206129599315498
40,Firmicutes_A,Folate biosynthesis,0.2219757730964507,0.3674969274107898,,,39,True,-0.0061672035221926,0.1348422145139082,0.3091093316789932,4.271071748041458,8.912292533732791e-05
41,Firmicutes_A,Thymidylate biosynthesis,0.4114056868147654,0.4282055797641534,,,40,True,-0.0063410424736169,0.3098781006315891,0.5129332729979417,6.793646900296243,1.3851240762806183e-08
42,Firmicutes_A,CRISPR-Cas system,1.966936556094172,0.545367006657033,,,50,True,-0.0075742321470787,1.8376299837689605,2.096243128419384,25.502719453150974,6.0807602598330334e-30
43,Firmicutes_A,16S rRNA modification,1.88946089087868,1.492981153485833,,,49,True,-0.0083555660623254,1.53547490869256,2.2434468730648,8.94887792526825,7.027209930558908e-12
44,Firmicutes_A,Thiamine biosynthesis,0.2782293914165258,0.3264180127259453,,,42,True,-0.0085808663639908,0.2008356476520761,0.3556231351809756,6.027176250264388,2.1253124191612448e-07
45,Firmicutes_A,Glutamine biosynthesis,4.674564028824077,0.3657920335819321,,,50,True,-0.0088249939889154,4.587834700740441,4.7612933569077125,90.36325617878302,3.6175725516793595e-56
46,Firmicutes_A,Phospholipid biosynthesis,1.3330431112414605,0.7575968141885814,,,50,True,-0.0089831435042907,1.1534168301290209,1.5126693923539,12.442024648459206,8.826306009337448e-17
47,Firmicutes_A,2Fe2S,0.818565125128867,0.2796465088976645,,,50,True,-0.0092316641713089,0.7522609096430024,0.8848693406147317,20.69802169542731,7.147889693203401e-26
48,Firmicutes_A,Cysteine biosynthesis,0.1858045588261041,0.4237945822591715,,,44,True,-0.0104177855366232,0.0853228205965848,0.2862862970556235,3.100173268401184,0.003202573962982417
49,Firmicutes_A,A/V-type ATP synthase,0.5167539788268115,0.3453524554003286,,,46,True,-0.0105439286024582,0.4348708767931101,0.5986370808605128,10.580502235317837,2.991432581897876e-14
50,Firmicutes_A,Ribosome 30S subunit,0.6939908771993206,0.317407351245823,,,50,True,-0.0109003925894946,0.6187335621813025,0.7692481922173388,15.460437618194518,1.7666484093240814e-20
51,Firmicutes_A,"Isoleucine, leucine, valine biosynthesis",0.6005655568736974,0.362574851135876,,,50,True,-0.0141129615149147,0.5145990230727486,0.6865320906746462,11.712449897781866,8.209459919130763e-16
52,Firmicutes_A,NAD biosynthesis,3.4990477087913696,0.393466035578501,,,50,True,-0.0169000329346823,3.405756872041061,3.5923385455416783,62.88218394616676,1.614741172006581e-48
53,Firmicutes_A,Proline degradation,2.3913125259034405,0.2592424012864034,,,50,True,-0.0174089982401161,2.3298461263917023,2.4527789254151786,65.22518286407103,2.745482998755905e-49
54,Firmicutes_A,Lipid A biosynthesis,1.147648717540422,0.4079694113306742,,,50,True,-0.0190306583501543,1.050919128935369,1.2443783061454747,19.891446957897493,4.0908676857350234e-25
55,Firmicutes_A,"TCA cycle, glyoxylate bypass",0.653436792760585,0.603365411696113,,,39,True,-0.0240086026198227,0.5103787927465158,0.7964947927746541,7.657873293381808,6.394477011311037e-10
56,Firmicutes_A,Non-phosphorylated Entner-Doudoroff pathway,3.3881468995860566,0.3641460277057413,,,50,True,-0.0248470460822883,3.3018078396618056,3.474485959510308,65.79178313293198,1.8054887911017495e-49
57,Firmicutes_A,Lysine biosynthesisTCA cycle,0.8121281615494946,0.3560761069548046,,,50,True,-0.0304782984690425,0.7277024806498311,0.8965538424491581,16.127488450021175,3.111973838170212e-21
58,Firmicutes_A,Pyrimidine salvagetRNA modification,2.180446406574072,0.4372859686724784,,,50,True,-0.0372429557159859,2.0767658592641998,2.284126953883945,35.25858478338602,1.7586381400723932e-36
59,Firmicutes_A,Lipoate biosynthesis,1.299521769690292,0.5411825976200709,,,49,True,-0.0404605452609417,1.1712073211700988,1.4278362182104851,16.97949379171739,3.6356182893938287e-22
60,Firmicutes_A,Pyrimidine biosynthesis,1.0911031746876856,0.2742459754847297,,,50,True,-0.0435532468949465,1.0260794262191328,1.1561269231562383,28.132644514916215,6.705982554537234e-32
61,Firmicutes_A,Entner-Doudoroff pathway,2.080591708062122,0.5001026858515074,,,50,True,-0.0461746378700354,1.962017310768672,2.199166105355572,29.417968494735558,8.469841241701135e-33
62,Firmicutes_A,Translation factors,3.0430553896733525,0.4846697091661716,,,50,True,-0.047968881776614,2.9281401527097293,3.157970626636976,44.396525321671284,3.0773119213950876e-41
63,Firmicutes_A,Lysine biosynthesis,3.2125168444813696,0.7761145294391562,,,50,True,-0.0557069116360456,3.028500011213926,3.3965336777488133,29.268778759370832,1.072406037994783e-32
64,Firmicutes_A,Aminoacyl-tRNA synthetases,2.1960984061724145,0.6569066948398633,,,50,True,-0.057883977782223,2.040345762520752,2.351851049824077,23.639218284052255,1.903619327417512e-28
65,Firmicutes_A,Gluconeogenesis,4.792582238598935,0.7882412015875807,,,50,True,-0.0585943954465277,4.60569017014109,4.97947430705678,42.992771672960785,1.4292707161335153e-40
66,Firmicutes_A,Asparagine biosynthesis,2.8617092900686174,0.7224468506875575,,,50,True,-0.0657795295795878,2.6904170688501456,3.033001511287089,28.009452084485513,8.212836826677123e-32
67,Firmicutes_A,Pyridoxal phosphate biosynthesis,3.2625234258418616,0.3732539378332659,,,50,True,-0.0700232082421569,3.174024879507064,3.3510219721766594,61.80651305608655,3.7221686501028614e-48
68,Firmicutes_A,Na+-translocating Fd:NADH oxidoreductase,3.4908830633873613,0.6287162275220811,,,50,True,-0.0746133096526907,3.341814382382161,3.6399517443925617,39.26138659056288,1.0806162232075684e-38
69,Firmicutes_A,Cobalamine/B12 biosynthesis,2.576803511551157,0.4141387151535208,,,50,True,-0.083329732744146,2.478611180387006,2.674995842715308,43.99673756962543,4.742964350880061e-41
0,Bacteroidota,Translation factors,-5.752429834458742,1.6318900136394976,,,50,True,0.8222657303000332,-6.139351121408116,-5.36550854750937,-24.925590022907997,1.7253894686519628e-29
1,Bacteroidota,Purine salvage,-5.957507441169373,0.9277192718055116,,,50,True,0.8129700230794592,-6.177469774154162,-5.737545108184583,-45.40806727472311,1.04690679378018e-41
2,Bacteroidota,Glutamine biosynthesis,-3.938327895605033,1.180162118866153,,,50,True,0.4967160698977911,-4.218144453108317,-3.6585113381017487,-23.596913652795372,2.0638577269574317e-28
3,Bacteroidota,Archaeal ribosomal proteins,-4.1762266244512425,1.5778862208869109,,,49,True,0.4939627959116385,-4.550343606688084,-3.8021096422144014,-18.715152758361825,5.76758393169172e-24
4,Bacteroidota,Lysine biosynthesisTCA cycle,-4.694814216236953,0.9573612919318756,,,50,True,0.4764890471480383,-4.921804675185632,-4.467823757288274,-34.67588460792275,3.858401787192219e-36
5,Bacteroidota,Folate biosynthesis,-4.429725165694894,1.500442636655067,,,50,True,0.441795977579954,-4.785480266293567,-4.073970065096221,-20.875764437342074,4.902139678584098e-26
6,Bacteroidota,Ribosome 30S subunit,-4.006457921747726,1.5336602818706135,,,50,True,0.3773893570722058,-4.3700889293798415,-3.642826914115611,-18.47210623170708,1.0122903270067214e-23
7,Bacteroidota,NADH dehydrogenase,-4.9842882304823215,1.49408987270464,,,50,True,0.2959178898780086,-5.338537090107129,-4.630039370857514,-23.589103115881134,2.094912351614072e-28
8,Bacteroidota,TCA cycle,7.834083433148494,0.9776433087534177,,,50,True,0.286049719749423,7.602284105964253,8.065882760332734,56.662112555384724,2.4835921874511466e-46
9,Bacteroidota,Na+-translocating NADH dehydrogenase,10.058598734425823,1.3889515319725092,,,50,True,0.2698299373557533,9.729278186000784,10.387919282850866,51.207714672708235,3.2648632703413515e-44
10,Bacteroidota,Photosystem II,-2.7948391554725025,1.595287034395677,,,48,True,0.2312386679854928,-3.1730818723486305,-2.416596438596375,-12.388051031261146,1.0385090162426462e-16
11,Bacteroidota,Glycolysis,-1.8354226434185887,1.861764669500472,,,39,True,0.1957732278272338,-2.2768472344750865,-1.3939980523620918,-6.971019585696858,7.3560809534808554e-09
12,Bacteroidota,Cysteine biosynthesis,-3.194280243299402,1.4179125891528994,,,49,True,0.1950826376524893,-3.530467461305109,-2.858093025293695,-15.929735290640384,5.1802388717196084e-21
13,Bacteroidota,3D,-3.399913483368605,1.1484550913940803,,,50,True,0.1812435740191229,-3.672212301457899,-3.12761466527931,-20.93335557961817,4.340647334893491e-26
14,Bacteroidota,Histidine biosynthesis,-4.8275750000468,0.957727145162836,,,50,True,0.1807983250906693,-5.054652202833468,-4.600497797260133,-35.64283456369347,1.0543933649591079e-36
15,Bacteroidota,Threonine biosynthesis,3.492806484578016,1.7706627603989349,,,49,True,0.1224979756017143,3.072982165364899,3.912630803791133,13.948376878164037,1.0948701819313913e-18
16,Bacteroidota,"Histidine biosynthesis, Purine biosynthesis",-1.5361716184393848,1.278173193968564,,,40,True,0.0919847939333993,-1.839226611742236,-1.2331166251365335,-8.498358231815008,3.338323253847e-11
17,Bacteroidota,Heme biosynthesis,-0.9250391844126268,0.678827900711657,,,45,True,0.0906853939993405,-1.085989348189117,-0.7640890206361368,-9.635748316704527,6.798698369196579e-13
18,Bacteroidota,Phospholipid biosynthesis,-5.59790137126891,0.5530816532946251,,,50,True,0.0719667655786349,-5.729037087090576,-5.466765655447245,-71.5683479366678,3.046363496319728e-51
19,Bacteroidota,Methionine biosynthesis,1.2639205626889711,0.9817596335278482,,,42,True,0.0666237784371909,1.0311452544852306,1.4966958708927114,9.103315824332446,4.138048514791272e-12
20,Bacteroidota,Lipoate biosynthesis,-2.643258878587987,1.6377668051346372,,,47,True,0.048568480052753,-3.0315735533940344,-2.25494420378194,-11.412285751679176,2.0963056316011178e-15
21,Bacteroidota,"Isoleucine, leucine, valine biosynthesis",-0.6860648801440502,0.8167439783896371,,,30,True,0.0451609627431586,-0.8797149598586019,-0.4924148004294986,-5.939696427763087,2.8982671169563775e-07
22,Bacteroidota,Arginine biosynthesis,-2.544427564877502,1.4352056660122472,,,46,True,0.0389910847345863,-2.884714973152044,-2.20414015660296,-12.536056873032877,6.654481121623217e-17
23,Bacteroidota,Pyruvate oxidation,-1.531743947798175,1.1459606392392971,,,44,True,0.0368102736564458,-1.803451331029792,-1.260036564566558,-9.451516007116284,1.2655877537124025e-12
24,Bacteroidota,Menaquinone biosynthesis,-0.4749496025324943,0.6651068836898683,,,27,True,0.0293682558522914,-0.6326465117881822,-0.3172526932768066,-5.04941525803213,6.528551239133432e-06
25,Bacteroidota,Ribosome 50S subunit,-0.6257474206463384,0.9165798134682794,,,25,True,0.0259243916913946,-0.8430685869350047,-0.4084262543576721,-4.827405512835132,1.3945563075264804e-05
26,Bacteroidota,Pyrimidine salvagetRNA modification,-1.9463446133199924,1.547215969807635,,,41,True,0.0136300692383779,-2.313189675930224,-1.579499550709761,-8.895160736840035,8.453288238691487e-12
27,Bacteroidota,Lysine biosynthesis,-0.1187720007260356,0.5738256755760943,,,8,False,0.0132666007253544,-0.2548261263244437,0.0172821248723723,-1.4635888685907403,0.14969222097040588
28,Bacteroidota,Molybdopterin biosynthesis,-0.1045750034227999,0.388999226112284,,,9,True,0.0097318694362018,-0.1968067591978095,-0.0123432476477903,-1.9009213669109957,0.06320244020732876
29,Bacteroidota,A/V-type ATP synthase,-0.0681049501820479,0.2627749199684301,,,10,True,0.0055065479723047,-0.1304089102298506,-0.0058009901342451,-1.8326510045891644,0.07293435313607348
30,Bacteroidota,23S rRNA modification,-0.038794108417542,0.2287484464861436,,,2,False,0.0042344081767227,-0.0930303881682194,0.0154421713331353,-1.1992027728936616,0.23621614958529202
31,Bacteroidota,Proline degradation,-0.1685792894133981,0.3197806973696906,,,18,True,0.0035438180019783,-0.2443993250369399,-0.0927592537898563,-3.727665856392046,0.0005011270540312953
32,Bacteroidota,Lipid A biosynthesis,0.0,0.0,,,0,False,0.0,,,,
33,Bacteroidota,Riboflavin/FAD biosynthesis,0.0,0.0,,,0,False,0.0,,,,
34,Bacteroidota,Proline biosynthesis,0.0,0.0,,,0,False,0.0,,,,
35,Bacteroidota,NAD biosynthesis,0.0,0.0,,,0,False,0.0,,,,
36,Bacteroidota,RNA polymerase,0.0,0.0,,,0,False,0.0,,,,
37,Bacteroidota,Purine biosynthesis,0.0,0.0,,,0,False,0.0,,,,
38,Bacteroidota,"TCA cycle, glyoxylate bypass",-0.104370061213969,0.621341366703853,,,10,False,-0.0006724167490932,-0.2516901619747833,0.0429500395468451,-1.1877654054929176,0.24065156396057263
39,Bacteroidota,Pyrimidine biosynthesis,-0.0204094677863037,0.372044660086057,,,7,False,-0.0008904978569073,-0.1086212942451792,0.0678023586725717,-0.387901631722535,0.6997689012588486
40,Bacteroidota,Photosystem I,0.0714518048011373,0.3013478964093797,,,5,True,-0.0009086712825584,2.1881458071026927e-06,0.1429014214564674,1.6766022363157635,0.09998989390703035
41,Bacteroidota,Mureine biosynthesis,6.756368822393202,1.1349980938401294,,,50,True,-0.0030167886580943,6.487260659782236,7.025476985004167,42.092354484469595,3.925463408500266e-40
42,Bacteroidota,2Fe2S,0.0260116529393064,0.3013320769525864,,,16,False,-0.0033893438839432,-0.0454342129212213,0.0974575187998341,0.6103902501607429,0.5444241310210173
43,Bacteroidota,Isoprenoid biosynthesis,0.0278638143774983,0.1379397278347182,,,2,False,-0.0042434948895483,-0.0048417090151129,0.0605693377701097,1.428355152306838,0.1595331171656351
44,Bacteroidota,Non-phosphorylated Entner-Doudoroff pathway,0.0796461633261818,0.2249019500068863,,,7,True,-0.0096955225848992,0.0263218882789839,0.1329704383733796,2.5041286739270174,0.01565356962229075
45,Bacteroidota,Thymidylate biosynthesis,0.0948198745970949,0.3679437891865764,,,8,True,-0.0117763798219584,0.0075803650424093,0.1820593841517805,1.8222287830184132,0.07452599098891786
46,Bacteroidota,Fatty acid biosynthesis,-0.3854248495607259,0.7410379219865837,,,18,True,-0.013539202110122,-0.5611250156606936,-0.2097246834607582,-3.677767583493904,0.0005842354827103853
47,Bacteroidota,Thiamine biosynthesis,0.7841642433227081,0.9404549894083816,,,30,True,-0.0176100494559842,0.5611822704087933,1.0071462162366227,5.8959531318592955,3.383905380722528e-07
48,Bacteroidota,tRNA modification,-0.3639397959671052,0.5128694856183496,,,25,True,-0.0180007781074843,-0.4855412027738954,-0.242338389160315,-5.017734626222054,7.279338307119413e-06
49,Bacteroidota,Aromatic amino acid biosynthesis,-3.6672020356319535,1.981398135884603,,,48,True,-0.0230348170128584,-4.136991733643379,-3.1974123376205297,-13.087240673206571,1.3000849701910616e-17
50,Bacteroidota,16S rRNA modification,-0.5742336395982274,0.7505497129170885,,,28,True,-0.0241797428288822,-0.752189052287894,-0.3962782269085607,-5.409961439692048,1.8705889793792879e-06
51,Bacteroidota,Serine biosynthesis,-1.7482218513177905,1.148449399834894,,,47,True,-0.0283868908671281,-2.0205193199378275,-1.4759243826977535,-10.763900666960414,1.652199304165433e-14
52,Bacteroidota,CRISPR-Cas system,0.747948569664004,0.6901344271567812,,,39,True,-0.0396907616221563,0.5843176273261463,0.9115795120018616,7.663427366854834,6.269937255040658e-10
53,Bacteroidota,Pyridoxal phosphate biosynthesis,-0.6831397521442937,0.618783232912549,,,35,True,-0.0405539993405869,-0.8298533191249835,-0.5364261851636039,-7.806493866448963,3.780097330210872e-10
54,Bacteroidota,Glycine cleavagePyruvate oxidation,-1.4106260432545683,1.5085190928393573,,,38,True,-0.0501404813715793,-1.7682960724297372,-1.0529560140794,-6.6122016329684845,2.646664728796289e-08
55,Bacteroidota,Ubiquinone biosynthesis,0.6092796113607793,1.0949557813957471,,,21,True,-0.0837613188262446,0.3496654850720632,0.8688937376494954,3.934640577747669,0.0002626135749707622
56,Bacteroidota,Pentose phosphate pathway,2.7830162601340387,1.1717454351515022,,,48,True,-0.1439698780085724,2.50519529918904,3.0608372210790376,16.794515349989506,5.756628908328535e-22
57,Bacteroidota,Pantothenate/CoA biosynthesis,3.4437991460686392,1.5990513452119388,,,47,True,-0.1464414638971316,3.064663910718024,3.8229343814192553,15.22861499426601,3.268502746812994e-20
58,Bacteroidota,Pyrimidine degradation,3.7711703975237727,1.7491876624424008,,,50,True,-0.1725475898450378,3.3564378262037478,4.185902968843798,15.244906069001258,3.129565978433358e-20
59,Bacteroidota,Cobalamine/B12 biosynthesis,3.34831117266794,1.3145601945015075,,,49,True,-0.2619971909000989,3.036628817865992,3.659993527469888,18.01068939725503,2.991298384109369e-23
60,Bacteroidota,Biotin biosynthesis,2.268533432449088,1.4394848991791014,,,47,True,-0.2769357467853611,1.9272314175587584,2.609835447339416,11.143537346921223,4.900678679924238e-15
61,Bacteroidota,FoF1-type ATP synthase,2.768995535437054,1.8911595417908067,,,44,True,-0.281188328387735,2.320601417193536,3.2173896536805726,10.35330693638221,6.277646512556069e-14
62,Bacteroidota,Glycine cleavage,4.058254865603523,1.3572593402216984,,,50,True,-0.3160903923508076,3.736448539041463,4.380061192165583,21.1427503220042,2.795413097251609e-26
63,Bacteroidota,Urea cycle,4.668045378022714,1.9076633752295995,,,50,True,-0.3900198878997693,4.2157381992050365,5.120352556840391,17.302877355335863,1.6419711052285188e-22
64,Bacteroidota,Na+-translocating Fd:NADH oxidoreductase,6.235459599592643,1.9847708146191807,,,50,True,-0.4141723705901746,5.764870239112827,6.706048960072459,22.214835759425938,3.100076384860584e-27
65,Bacteroidota,Gluconeogenesis,7.2951075345183325,1.553349308659768,,,50,True,-0.4206875436861194,6.926808256647189,7.663406812389476,33.208370959354156,2.9497994946030023e-35
66,Bacteroidota,Pyrimidine salvage,3.9996218168989897,1.307659332496946,,,50,True,-0.4442675634685129,3.689575657174864,4.309667976623115,21.627649026223274,1.0225786743926971e-26
67,Bacteroidota,Asparagine biosynthesis,9.080489373892537,2.032224669336619,,,50,True,-0.5143352060666008,8.598648699669441,9.562330048115628,31.595303952627308,3.0412367287775793e-34
68,Bacteroidota,Entner-Doudoroff pathway,12.80058071999176,2.38626722202939,,,50,True,-0.6080192152983844,12.234796520789788,13.36636491919373,37.93111411275327,5.549963692768861e-38
69,Bacteroidota,Aminoacyl-tRNA synthetases,7.207699588193547,1.4681354689724306,,,50,True,-0.6545704451038574,6.859604520313363,7.55579465607373,34.71487041406565,3.6594216023827255e-36
0,Proteobacteria,16S rRNA modification,9.167585980045692,0.7463543299319485,,,50,True,1.528824402196873,8.990625293085264,9.34454666700612,86.85502252250738,2.4885135829355824e-55
1,Proteobacteria,Cobalamine/B12 biosynthesis,-12.333609035029976,2.5402630325998063,,,50,True,1.0765374313476972,-12.935905656461818,-11.73131241359813,-34.33179349245486,6.171684748325747e-36
2,Proteobacteria,Folate biosynthesis,-3.79130528881827,1.2965108884611178,,,50,True,0.8896490156316009,-4.098708151336228,-3.483902426300312,-20.677479095095308,7.467591801042866e-26
3,Proteobacteria,NADH dehydrogenase,-11.551935186137792,1.447432905081182,,,50,True,0.6154509252217996,-11.89512167402974,-11.208748698245849,-56.434061138656865,3.0173928939664916e-46
4,Proteobacteria,Ubiquinone biosynthesis,-7.751050249050703,2.58027052707641,,,50,True,0.6115288466413179,-8.362832651461122,-7.139267846640284,-21.2412618557152,2.2754361560283739e-26
5,Proteobacteria,TCA cycle,-4.634054912972052,1.2654263594817103,,,50,True,0.5884946345585127,-4.934087630531463,-4.33402219541264,-25.894605630749346,3.029831135687827e-30
6,Proteobacteria,Non-phosphorylated Entner-Doudoroff pathway,-6.6916639956548405,1.372015830290512,,,50,True,0.5568071651880017,-7.016969087501669,-6.366358903808012,-34.48736438957491,4.9881576474407716e-36
7,Proteobacteria,Arginine biosynthesis,-6.608648849010282,1.2810284330235295,,,50,True,0.5280041149133923,-6.91238081978126,-6.304916878239304,-36.478662730275325,3.526148494571029e-37
8,Proteobacteria,Menaquinone biosynthesis,-4.324144097572036,1.2367726800115726,,,50,True,0.434038791719476,-4.617383024836908,-4.0309051703071646,-24.722664590168343,2.501971128330211e-29
9,Proteobacteria,Biotin biosynthesis,17.24041081407784,1.697105105593088,,,50,True,0.315037076468103,16.83802702224376,17.64279460591192,71.83297815143865,2.5466401980705354e-51
10,Proteobacteria,Na+-translocating Fd:NADH oxidoreductase,10.26903658843236,2.3387343496693567,,,50,True,0.2623815716096323,9.7145224380647,10.823550738800018,31.04801282351659,6.879439657956592e-34
11,Proteobacteria,Entner-Doudoroff pathway,-7.645775296969647,2.0920880767463665,,,50,True,0.2499388001689901,-8.14180959113193,-7.149741002807367,-25.842026538021642,3.3249022251219394e-30
12,Proteobacteria,Gluconeogenesis,-3.175089865525179,1.310482749446508,,,50,True,0.2096574989438106,-3.4858054576930284,-2.86437427335733,-17.13206507859629,2.4953024464247403e-22
13,Proteobacteria,Photosystem I,-2.830357161295613,1.577730980596027,,,48,True,0.1609652133502323,-3.2044373360438168,-2.45627698654741,-12.685082352733987,4.2630416210706654e-17
14,Proteobacteria,"Histidine biosynthesis, Purine biosynthesis",15.353869863435222,3.760692954408026,,,50,True,0.1333369581749049,14.462209184358084,16.24553054251236,28.869215406605292,2.0283871797107495e-32
15,Proteobacteria,Pentose phosphate pathway,4.185495274886309,1.698649851564583,,,49,True,0.1324501478664976,3.782745223626468,4.58824532614615,17.42320283824449,1.224922854464018e-22
16,Proteobacteria,CRISPR-Cas system,-4.126739624943758,1.2061221214761055,,,50,True,0.1014757836924376,-4.412711301686144,-3.8407679482013712,-24.19361622700136,6.674763975744384e-29
17,Proteobacteria,2Fe2S,-2.2615607324563274,1.2257314249030773,,,49,True,0.0971742965779467,-2.5521817770205217,-1.9709396878921333,-13.046617696952135,1.4644118830704877e-17
18,Proteobacteria,Threonine biosynthesis,4.776398343734637,1.3359509148560744,,,50,True,0.0767730882974228,4.45964424697754,5.093152440491733,25.281046039530686,9.054687075445797e-30
19,Proteobacteria,Fatty acid biosynthesis,-1.2240633330020214,1.0101498042658,,,41,True,0.07192762991128,-1.463569953553303,-0.9845567124507398,-8.568466575080251,2.616207621866243e-11
20,Proteobacteria,Pyrimidine degradation,-1.4257771952594736,1.3995786782365651,,,34,True,0.0701357245458385,-1.7576174411363774,-1.09393694938257,-7.203430138699941,3.2128071673782728e-09
21,Proteobacteria,"TCA cycle, glyoxylate bypass",4.672360991217231,1.0767903551419469,,,50,True,0.0651348457963666,4.417053889326826,4.927668093107637,30.68246409586084,1.195362531053572e-33
22,Proteobacteria,Pyrimidine salvage,6.217803884206392,1.6675253876696057,,,50,True,0.0633932234896493,5.82243344647761,6.6131743219351735,26.366322954487593,1.3257720075169264e-30
23,Proteobacteria,Na+-translocating NADH dehydrogenase,-1.1620354641380304,1.5473603621912888,,,24,True,0.0620858639628221,-1.5289147621970005,-0.7951561660790605,-5.310224927227908,2.6482451804263573e-06
24,Proteobacteria,A/V-type ATP synthase,-2.367605004728289,1.2876336683907217,,,49,True,0.0605682298267848,-2.6729030774715303,-2.062306931985048,-13.001753488683821,1.6705410955378058e-17
25,Proteobacteria,Glutamine biosynthesis,6.851358008678403,1.6253256945126249,,,50,True,0.0531857625686521,6.465993122456584,7.236722894900223,29.80720556273485,4.599060038409356e-33
26,Proteobacteria,Histidine biosynthesis,-2.989506762332915,0.7531469886471986,,,50,True,0.0380139923954372,-3.168077989360348,-2.8109355353054823,-28.06756895948863,7.463137636239308e-32
27,Proteobacteria,Proline biosynthesis,4.918203648131692,1.7818804670295003,,,50,True,0.0348553020701308,4.495719609544205,5.340687686719179,19.516994631227195,9.371145977443278e-25
28,Proteobacteria,Urea cycle,-0.6677428173441897,0.9481420534353932,,,27,True,0.0344896070975918,-0.8925473939148056,-0.4429382407735739,-4.979902246945956,8.28794179238574e-06
29,Proteobacteria,Lysine biosynthesis,-0.8813506201739201,1.3766919233969863,,,23,True,0.0338816392057456,-1.2077644141682762,-0.554936826179564,-4.526858838469686,3.834148713412633e-05
30,Proteobacteria,Aminoacyl-tRNA synthetases,4.724408880238993,1.8118276601364087,,,50,True,0.0335753696662441,4.294824359143126,5.15399340133486,18.43807570562989,1.0957369898742413e-23
31,Proteobacteria,Pyrimidine salvagetRNA modification,-0.3838086044832104,0.5801726796830826,,,24,True,0.0315640473172792,-0.5213676053960227,-0.2462496035703981,-4.6778084596481095,2.312892303584064e-05
32,Proteobacteria,Purine biosynthesis,-1.4974958884223095,1.261480528119281,,,41,True,0.023299340937896,-1.7965930489674151,-1.198398727877204,-8.394021737942069,4.80191593877546e-11
33,Proteobacteria,Aromatic amino acid biosynthesis,-1.1846079263696314,1.1661490848179368,,,35,True,0.0155328939585973,-1.4611019920856725,-0.9081138606535908,-7.182994941972422,3.455358911204081e-09
34,Proteobacteria,Purine salvage,4.2126522696153454,1.2952157472276022,,,50,True,0.0134895732995352,3.905556485214579,4.519748054016112,22.998446343800214,6.560954964533037e-28
35,Proteobacteria,Thymidylate biosynthesis,3.952336912929368,1.6029899864255,,,49,True,0.0106234389522601,3.5722678253494693,4.332406000509267,17.434445981151786,1.1919296617519907e-22
36,Proteobacteria,Lipid A biosynthesis,-0.2312056028819388,0.932307260225,,,9,True,0.0062625264047316,-0.4522557483840795,-0.0101554573797982,-1.7535747775544244,0.08575695052356927
37,Proteobacteria,Molybdopterin biosynthesis,1.896711069943412,0.555607420427207,,,50,True,0.0058236924376847,1.7649764944796715,2.028445645407152,24.138937137976782,7.394880088336011e-29
38,Proteobacteria,Glycine cleavage,-0.278944743072256,0.7755601851434457,,,13,True,0.0046031854668356,-0.4628301412512337,-0.0950593448932784,-2.5432419453849313,0.014190009623712533
39,Proteobacteria,Cysteine biosynthesis,-0.0751116608035897,0.7100548591087644,,,22,False,0.0043700549218419,-0.2434657395679391,0.0932424179607595,-0.7479980457716512,0.4580364425617076
40,Proteobacteria,Glycolysis,-0.1225261741923441,0.5045301039434146,,,5,True,0.0043380566117448,-0.2421503127622685,-0.0029020356224198,-1.7172233721452557,0.09225355505161605
41,Proteobacteria,Phospholipid biosynthesis,-0.2231665653294504,0.4758908885069159,,,12,True,0.0031084072665821,-0.3360003430286707,-0.1103327876302302,-3.315940596670444,0.0017253177235569475
42,Proteobacteria,tRNA modification,1.1220245237673283,0.8240575116563033,,,46,True,0.0030444106463878,0.9266404045770558,1.3174086429576009,9.62786138334955,6.981429162287863e-13
43,Proteobacteria,Glycine cleavagePyruvate oxidation,-1.339467413971685,0.6950207504974867,,,47,True,0.0026878580481621,-1.5042569040668268,-1.174677923876543,-13.627600196394596,2.7224941703970064e-18
44,Proteobacteria,Lysine biosynthesisTCA cycle,-0.029808951609471,0.2265420446969081,,,3,False,0.0013165019011406,-0.0835220932732167,0.0239041900542745,-0.9304282501431079,0.35671087584378125
45,Proteobacteria,Heme biosynthesis,1.9370605746262877,0.4296158863141381,,,50,True,0.0007542458808618,1.83519860461776,2.038922544634815,31.882169899225236,1.992766887553594e-34
46,Proteobacteria,Riboflavin/FAD biosynthesis,-0.0439488665581332,0.1688869054352439,,,4,True,0.0001234220532319,-0.0839919688834946,-0.0039057642327719,-1.8400799925032856,0.07181741287037571
47,Proteobacteria,NAD biosynthesis,0.0,0.0,,,0,False,0.0,,,,
48,Proteobacteria,Pyridoxal phosphate biosynthesis,0.0,0.0,,,0,False,0.0,,,,
49,Proteobacteria,Mureine biosynthesis,0.0,0.0,,,0,False,0.0,,,,
50,Proteobacteria,23S rRNA modification,0.0,0.0,,,0,False,0.0,,,,
51,Proteobacteria,RNA polymerase,4.651052963048604,3.830534961131657,,,31,True,0.0,3.7428327371277614,5.559273188969444,8.585722681559455,2.4640350424930933e-11
52,Proteobacteria,Ribosome 30S subunit,0.047388321886207,0.3086741680194521,,,12,False,-0.0007496746937051,-0.0257983545073514,0.1205749982797654,1.0855655324120355,0.2829832267661194
53,Proteobacteria,Methionine biosynthesis,1.0888185114940214,1.932417446432467,,,16,True,-0.0025187241233628,0.6306421398955825,1.5469948830924602,3.984185479075635,0.0002244819568166321
54,Proteobacteria,Serine biosynthesis,0.7003028312493238,0.7583839143679064,,,31,True,-0.0048774566962399,0.52048992860492,0.8801157338937275,6.529527742861775,3.554659393035096e-08
55,Proteobacteria,Asparagine biosynthesis,0.0660406171210035,0.2479681788266049,,,5,True,-0.0065047993240388,0.0072473368924516,0.1248338973495553,1.8832161618874503,0.06561368996586771
56,Proteobacteria,FoF1-type ATP synthase,0.6661913564177219,0.7411777072957755,,,32,True,-0.0087949640895648,0.4904580472068355,0.8419246656286082,6.355674503616042,6.606927878088617e-08
57,Proteobacteria,Pyrimidine biosynthesis,0.2999919586193664,0.5466005735673387,,,24,True,-0.0090646641318124,0.1703929074552105,0.4295910097835222,3.880829228860206,0.00031110772161954794
58,Proteobacteria,Thiamine biosynthesis,0.4408700399741934,0.5572905971870338,,,31,True,-0.0105137304604985,0.3087363831308061,0.5730036968175807,5.593889372282228,9.821140201678386e-07
59,Proteobacteria,Pyruvate oxidation,0.3856760912198257,0.6120604110013571,,,27,True,-0.013772986903253,0.24055650599285,0.5307956764468013,4.455674220080468,4.8569116464317325e-05
60,Proteobacteria,Pantothenate/CoA biosynthesis,2.8305858464414886,1.6581768196033182,,,47,True,-0.0154734685255597,2.437431955144824,3.2237397377381525,12.07064544074534,2.723147622762786e-16
61,Proteobacteria,Isoprenoid biosynthesis,6.501552158948825,3.8144237535684273,,,46,True,-0.0182893198141107,5.5971519019674165,7.405952415930233,12.052388294640693,2.8795465902185495e-16
62,Proteobacteria,Lipoate biosynthesis,0.5001322928336126,0.7726771551423377,,,23,True,-0.0297401436417407,0.3169304613588973,0.6833341243083277,4.576904252952541,3.244512406320956e-05
63,Proteobacteria,Photosystem II,3.8691373142092624,1.2746188577429212,,,50,True,-0.031655471060414,3.566925054384269,4.171349574034255,21.464402598467437,1.4316547817093942e-26
64,Proteobacteria,Archaeal ribosomal proteins,0.73779784872094,1.0421077359557112,,,28,True,-0.0351798563582594,0.4907139993402943,0.9848816981015855,5.006218109464214,7.572834738467452e-06
65,Proteobacteria,3D,1.7961105963760713,1.2920624108077974,,,45,True,-0.0403727249683143,1.4897624683587245,2.102458724393418,9.829571480718982,3.5508853470558893e-13
66,Proteobacteria,"Isoleucine, leucine, valine biosynthesis",3.617595009249588,1.7802284694718584,,,50,True,-0.0436319814110688,3.195502659449763,4.039687359049413,14.369088049613577,3.379217882588115e-19
67,Proteobacteria,Translation factors,3.0977807973456697,2.4722638601849773,,,45,True,-0.0449073426277989,2.5116067865569045,3.683954808134435,8.86014573003021,9.536710376840539e-12
68,Proteobacteria,Ribosome 50S subunit,2.096877844530953,1.87350480855779,,,41,True,-0.0506578960709758,1.6526696653189696,2.541086023742936,7.914132573425591,2.585383621898694e-10
69,Proteobacteria,Proline degradation,1.5375614383557032,1.4204218719192836,,,38,True,-0.0601202534854246,1.2007792691528112,1.8743436075585955,7.65420570497975,6.478075000116908e-10
